time,suhu,cuaca,humidity,light_intensity,ph,precipitation
2026-04-01 00:00:00,19.496975993272308,0.0,0.9772874712944031,-2.9751574993133545,6.739785194396973,0.08215925097465515
2026-04-01 01:00:00,19.39182155060458,1.0,0.9763724207878113,2.347367525100708,6.73717737197876,0.10017424821853638
2026-04-01 02:00:00,19.311082716221467,0.0,0.9777659773826599,2.006303071975708,6.7366623878479,0.08231954276561737
2026-04-01 03:00:00,19.233612111799346,0.0,0.9761915802955627,9.149384498596191,6.738531589508057,0.04199880361557007
2026-04-01 04:00:00,19.00187228633849,0.0,0.9767090678215027,1.826996922492981,6.739083290100098,0.0322260856628418
2026-04-01 05:00:00,18.600604411812885,0.0,0.9774898886680603,-25.850339889526367,6.737666606903076,0.035299137234687805
2026-04-01 06:00:00,18.42234700162704,0.0,0.958556056022644,-17.285154342651367,6.738894939422607,0.037198811769485474
2026-04-01 07:00:00,20.38336036541414,0.0,0.9056832790374756,87.4187240600586,6.7419352531433105,0.0514795184135437
2026-04-01 08:00:00,23.129604541501973,0.0,0.8206437826156616,281.4296569824219,6.7446370124816895,0.06269928812980652
2026-04-01 09:00:00,25.500490557595782,1.0,0.7346817255020142,497.42889404296875,6.748775005340576,0.15024040639400482
2026-04-01 10:00:00,27.20420903714923,1.0,0.6808553338050842,647.3005981445312,6.745609760284424,0.31957799196243286
2026-04-01 11:00:00,27.940440607370643,2.0,0.6657588481903076,685.6802978515625,6.7489495277404785,0.5116044878959656
2026-04-01 12:00:00,27.866939761927153,2.0,0.6671107411384583,659.5828247070312,6.746274948120117,0.6413149833679199
2026-04-01 13:00:00,27.327226084350684,2.0,0.6756190657615662,597.6524658203125,6.744755268096924,0.6715759634971619
2026-04-01 14:00:00,26.82368775214101,2.0,0.6886179447174072,527.3016357421875,6.742567539215088,0.5014212727546692
2026-04-01 15:00:00,26.071793841645437,1.0,0.7150453925132751,430.07708740234375,6.745884418487549,0.34111547470092773
2026-04-01 16:00:00,25.097710752042325,1.0,0.7569729089736938,298.8622741699219,6.745019435882568,0.24947577714920044
2026-04-01 17:00:00,23.779812658807188,1.0,0.8114473223686218,146.34571838378906,6.743019104003906,0.17363393306732178
2026-04-01 18:00:00,22.52640877519554,1.0,0.8541098237037659,54.84996032714844,6.743847846984863,0.10997354984283447
2026-04-01 19:00:00,22.176871490270543,0.0,0.8830538392066956,19.975252151489258,6.744329452514648,0.03173619508743286
2026-04-01 20:00:00,21.827671967925514,0.0,0.8965142369270325,13.006974220275879,6.746068000793457,0.031921520829200745
2026-04-01 21:00:00,21.283306690002508,0.0,0.9025692343711853,3.520768404006958,6.746566295623779,0.024409441277384758
2026-04-01 22:00:00,20.703579308183674,0.0,0.917037308216095,-12.033476829528809,6.746128082275391,0.04705683887004852
2026-04-01 23:00:00,20.322765562770922,0.0,0.9313052892684937,-15.974684715270996,6.748073577880859,0.02689608745276928
2026-04-02 00:00:00,20.009295558091644,0.0,0.9448762536048889,-7.145384788513184,6.747149467468262,0.023152051493525505
2026-04-02 01:00:00,19.722657739546772,0.0,0.9565993547439575,-5.597151756286621,6.748328685760498,0.09307251870632172
2026-04-02 02:00:00,19.489186590100186,0.0,0.9626628160476685,-6.735564231872559,6.74662446975708,0.08133301138877869
2026-04-02 03:00:00,19.358546823702678,0.0,0.9643846750259399,2.9866344928741455,6.747028350830078,0.06791575253009796
2026-04-02 04:00:00,19.065047466669363,0.0,0.9687792062759399,-4.589217185974121,6.749648094177246,0.058465033769607544
2026-04-02 05:00:00,18.696889278145893,0.0,0.9682950973510742,-27.199674606323242,6.748119354248047,0.04097545146942139
2026-04-02 06:00:00,18.600043229654382,0.0,0.9535365104675293,-14.772612571716309,6.7475175857543945,0.05798204243183136
2026-04-02 07:00:00,20.679392579578877,0.0,0.8966065645217896,100.5953369140625,6.751285552978516,0.04750692844390869
2026-04-02 08:00:00,23.324795943937275,0.0,0.8154903054237366,288.626220703125,6.751198768615723,0.05467002093791962
2026-04-02 09:00:00,25.52298697178035,1.0,0.7364862561225891,492.87017822265625,6.752946376800537,0.1364220231771469
2026-04-02 10:00:00,27.103111281717098,1.0,0.6840083599090576,634.2672119140625,6.750533580780029,0.30858364701271057
2026-04-02 11:00:00,27.74441300422123,1.0,0.6709964275360107,670.398193359375,6.751653671264648,0.4925278127193451
2026-04-02 12:00:00,27.709561145594144,2.0,0.670609176158905,646.7006225585938,6.750243663787842,0.6690870523452759
2026-04-02 13:00:00,27.20674413549815,2.0,0.6795700788497925,586.0311279296875,6.752442359924316,0.7069288492202759
2026-04-02 14:00:00,26.660614250554094,2.0,0.6901382207870483,515.1063232421875,6.746927261352539,0.5557454824447632
2026-04-02 15:00:00,26.079570559785086,1.0,0.7129054069519043,425.05718994140625,6.748884677886963,0.3445301353931427
2026-04-02 16:00:00,25.069373330625087,1.0,0.7558226585388184,293.4454345703125,6.750473976135254,0.21864460408687592
2026-04-02 17:00:00,23.87207099773541,0.0,0.8069311380386353,149.6171417236328,6.749040126800537,0.09001003205776215
2026-04-02 18:00:00,22.539813402041855,0.0,0.850967526435852,50.334259033203125,6.745487213134766,0.023627473041415215
2026-04-02 19:00:00,22.238755750448153,0.0,0.8785869479179382,17.52079963684082,6.749093055725098,-0.029528560116887093
2026-04-02 20:00:00,22.021260989489047,0.0,0.8859024047851562,22.594987869262695,6.749940395355225,-0.01320737786591053
2026-04-02 21:00:00,21.43037397890789,0.0,0.8971697688102722,9.780549049377441,6.750353813171387,-0.005215914454311132
2026-04-02 22:00:00,20.925659538896564,0.0,0.9072511196136475,-3.0440967082977295,6.74846887588501,0.01725597493350506
2026-04-02 23:00:00,20.4418585040551,0.0,0.9238810539245605,-11.464858055114746,6.7465434074401855,0.003030074993148446
2026-04-03 00:00:00,20.104764079209808,0.0,0.9367139339447021,-1.0839070081710815,6.750964164733887,0.03568530082702637
2026-04-03 01:00:00,19.783208429244038,0.0,0.9487810730934143,-2.5376574993133545,6.754278659820557,0.052955880761146545
2026-04-03 02:00:00,19.650412693033473,0.0,0.955193281173706,1.873688817024231,6.753654479980469,0.0455656498670578
2026-04-03 03:00:00,19.494328540556058,0.0,0.9584525227546692,11.429551124572754,6.7517991065979,0.059384480118751526
2026-04-03 04:00:00,19.210534939084333,0.0,0.9603697061538696,5.769181251525879,6.750568389892578,0.047766491770744324
2026-04-03 05:00:00,18.78690659687148,0.0,0.9614375829696655,-24.828611373901367,6.747964382171631,0.05336351692676544
2026-04-03 06:00:00,18.62080853421981,0.0,0.9484777450561523,-15.769667625427246,6.749894142150879,0.04641956090927124
2026-04-03 07:00:00,20.640344632648944,0.0,0.8941441178321838,97.47708129882812,6.751704692840576,0.04462131857872009
2026-04-03 08:00:00,23.304846183500263,0.0,0.8122754096984863,287.20367431640625,6.752640724182129,0.08381840586662292
2026-04-03 09:00:00,25.545617167398028,1.0,0.7297333478927612,495.0966796875,6.753852367401123,0.15090641379356384
2026-04-03 10:00:00,27.213497062051573,1.0,0.6774454116821289,639.1438598632812,6.751598358154297,0.30845940113067627
2026-04-03 11:00:00,27.823272867502478,2.0,0.6668916940689087,674.6851806640625,6.753299713134766,0.5128061771392822
2026-04-03 12:00:00,27.704317615320704,2.0,0.6698525547981262,650.7318725585938,6.751276969909668,0.6926997303962708
2026-04-03 13:00:00,27.264934748291115,2.0,0.6756910085678101,592.677490234375,6.752455234527588,0.6804673075675964
2026-04-03 14:00:00,26.72794285620595,2.0,0.6909487843513489,516.8362426757812,6.7494025230407715,0.5555980801582336
2026-04-03 15:00:00,25.960461253449637,1.0,0.7175503373146057,412.9329833984375,6.746159076690674,0.3508842885494232
2026-04-03 16:00:00,25.073781117948087,1.0,0.7579481601715088,288.3570861816406,6.745553493499756,0.24759739637374878
2026-04-03 17:00:00,23.833288153191955,1.0,0.8089674115180969,141.92835998535156,6.746583461761475,0.1433364301919937
2026-04-03 18:00:00,22.561664436206282,0.0,0.8496845960617065,48.00498962402344,6.748429298400879,0.056670188903808594
2026-04-03 19:00:00,22.242728671819613,0.0,0.8752501606941223,16.788331985473633,6.750016689300537,0.046867698431015015
2026-04-03 20:00:00,21.898587190093483,0.0,0.8889591693878174,12.994767189025879,6.750016212463379,0.03207884728908539
2026-04-03 21:00:00,21.333699250514336,0.0,0.8976345658302307,5.682648658752441,6.751776695251465,0.029681948944926262
2026-04-03 22:00:00,20.880997063310627,0.0,0.9060549139976501,-3.8374621868133545,6.751373767852783,0.028990192338824272
2026-04-03 23:00:00,20.429889891384203,0.0,0.9237271547317505,-12.786711692810059,6.753289699554443,0.03594169020652771
2026-04-04 00:00:00,20.09260663902426,0.0,0.938186526298523,-10.634840965270996,6.757094383239746,0.058447256684303284
2026-04-04 01:00:00,19.795480310347553,0.0,0.9506369829177856,-10.414839744567871,6.759517669677734,0.08801750838756561
2026-04-04 02:00:00,19.621775930310147,0.0,0.9554232954978943,-4.839964866638184,6.755694389343262,0.03737480938434601
2026-04-04 03:00:00,19.526210368864167,0.0,0.9564377069473267,9.459397315979004,6.754627704620361,0.0017966313753277063
2026-04-04 04:00:00,19.246075338635723,0.0,0.9607303738594055,4.521424293518066,6.757819175720215,0.03739364445209503
2026-04-04 05:00:00,18.89025246784316,0.0,0.959084689617157,-16.990339279174805,6.757542610168457,0.03755062818527222
2026-04-04 06:00:00,18.72714322049911,0.0,0.9447221755981445,-10.581892967224121,6.754444599151611,0.03093886189162731
2026-04-04 07:00:00,20.71197963573885,0.0,0.8914219737052917,97.08480072021484,6.753966808319092,0.02271207980811596
2026-04-04 08:00:00,23.32672297640798,0.0,0.8082124590873718,286.2166748046875,6.756659984588623,0.03902974724769592
2026-04-04 09:00:00,25.58573059742122,1.0,0.7277730703353882,493.8312072753906,6.755084037780762,0.13161924481391907
2026-04-04 10:00:00,27.09761750730304,1.0,0.6803978681564331,626.85009765625,6.756300449371338,0.28495994210243225
2026-04-04 11:00:00,27.892680406870156,1.0,0.6635662317276001,675.0183715820312,6.7556304931640625,0.4854460656642914
2026-04-04 12:00:00,27.742532680323148,2.0,0.6688011884689331,643.3218994140625,6.7556657791137695,0.656115710735321
2026-04-04 13:00:00,27.220690706848245,2.0,0.6803122162818909,582.7271118164062,6.752950668334961,0.7098351716995239
2026-04-04 14:00:00,26.72880680884267,2.0,0.6920264363288879,512.2321166992188,6.754179000854492,0.5415149331092834
2026-04-04 15:00:00,26.030304469392018,1.0,0.7173376679420471,415.6591796875,6.754266262054443,0.32024094462394714
2026-04-04 16:00:00,25.148134450467616,1.0,0.7543350458145142,293.6809387207031,6.755298614501953,0.1935434639453888
2026-04-04 17:00:00,23.989427727242855,1.0,0.8049259781837463,151.913818359375,6.7537760734558105,0.12121228128671646
2026-04-04 18:00:00,22.607168529376448,0.0,0.8499354124069214,51.39472961425781,6.751874923706055,0.04918757081031799
2026-04-04 19:00:00,22.29188079813187,0.0,0.8775903582572937,20.240755081176758,6.755603790283203,0.03695310652256012
2026-04-04 20:00:00,22.099145654024568,0.0,0.8862749934196472,26.436128616333008,6.754775524139404,0.053127139806747437
2026-04-04 21:00:00,21.53304659395916,0.0,0.8942136764526367,13.022553443908691,6.757614612579346,0.04931262135505676
2026-04-04 22:00:00,20.972704292924885,0.0,0.9058001637458801,-3.557081937789917,6.755209922790527,0.021996600553393364
2026-04-04 23:00:00,20.561666701076586,0.0,0.9205746054649353,-5.713027000427246,6.757657051086426,0.028703374788165092
2026-04-05 00:00:00,20.254141494241004,0.0,0.9306634664535522,2.794175386428833,6.756829261779785,0.056392326951026917
2026-04-05 01:00:00,19.901094018843647,0.0,0.9445059895515442,-2.4522387981414795,6.757681846618652,0.06593213975429535
2026-04-05 02:00:00,19.695362720722812,0.0,0.9535595178604126,2.6760571002960205,6.7554802894592285,0.06785786151885986
2026-04-05 03:00:00,19.522074569456205,0.0,0.9570993781089783,6.174332618713379,6.756463527679443,0.04661579430103302
2026-04-05 04:00:00,19.276780600313227,0.0,0.9582016468048096,3.2055065631866455,6.757180690765381,0.0543888658285141
2026-04-05 05:00:00,18.956183788033588,0.0,0.9589788913726807,-16.81391716003418,6.758248329162598,0.05333834886550903
2026-04-05 06:00:00,18.831620149210046,0.0,0.9434680938720703,-5.695601463317871,6.7558135986328125,0.05252337455749512
2026-04-05 07:00:00,20.76976512768221,0.0,0.8930506706237793,97.29561614990234,6.757967472076416,0.051666781306266785
2026-04-05 08:00:00,23.35721396609304,0.0,0.8120027184486389,282.47222900390625,6.75884485244751,0.07569335401058197
2026-04-05 09:00:00,25.526915270730548,1.0,0.7336958646774292,484.03387451171875,6.758872032165527,0.14752084016799927
2026-04-05 10:00:00,27.249275527322567,1.0,0.677570641040802,636.0546875,6.758103370666504,0.315044641494751
2026-04-05 11:00:00,27.954438982309608,2.0,0.6651819348335266,677.1996459960938,6.762866497039795,0.5544360280036926
2026-04-05 12:00:00,27.833953273584868,2.0,0.6719995141029358,650.9215087890625,6.763030529022217,0.7184461951255798
2026-04-05 13:00:00,27.34899129736338,2.0,0.6816250085830688,593.242919921875,6.7601399421691895,0.696720540523529
2026-04-05 14:00:00,26.85084767187978,2.0,0.6922761797904968,525.6156616210938,6.7588887214660645,0.5701691508293152
2026-04-05 15:00:00,26.165790786072925,1.0,0.7150068283081055,427.8813171386719,6.757392406463623,0.34016215801239014
2026-04-05 16:00:00,25.143662366422205,1.0,0.7572420239448547,294.3974304199219,6.757972717285156,0.2187018245458603
2026-04-05 17:00:00,23.932111795922665,1.0,0.8089789748191833,148.13365173339844,6.754314422607422,0.13957516849040985
2026-04-05 18:00:00,22.573367631778183,0.0,0.8536288142204285,49.850128173828125,6.7547478675842285,0.0629902333021164
2026-04-05 19:00:00,22.197170217425274,0.0,0.8813832998275757,11.239472389221191,6.758884906768799,0.02274918369948864
2026-04-05 20:00:00,21.91044834274241,0.0,0.8888344764709473,14.097123146057129,6.7604804039001465,0.035522520542144775
2026-04-05 21:00:00,21.39664013415081,0.0,0.8979146480560303,6.833313941955566,6.7603607177734375,0.020591391250491142
2026-04-05 22:00:00,20.957890356795673,0.0,0.9071301817893982,1.405060887336731,6.759356498718262,0.010104147717356682
2026-04-05 23:00:00,20.53612921023186,0.0,0.9212626218795776,-3.500258207321167,6.76075553894043,0.021241260692477226
2026-04-06 00:00:00,20.244724560734277,0.0,0.9333857893943787,4.321900367736816,6.762956142425537,0.06269758939743042
2026-04-06 01:00:00,19.84929805937099,0.0,0.9495311379432678,-2.2677295207977295,6.760573387145996,0.0711531788110733
2026-04-06 02:00:00,19.61429721632089,1.0,0.9575148820877075,-1.382414698600769,6.756789684295654,0.10642731189727783
2026-04-06 03:00:00,19.566454814664947,0.0,0.9568562507629395,13.986863136291504,6.759088039398193,0.09238255023956299
2026-04-06 04:00:00,19.302285770688336,0.0,0.9601805210113525,9.469803810119629,6.760356903076172,0.07283760607242584
2026-04-06 05:00:00,18.93362366840468,0.0,0.9600851535797119,-15.297469139099121,6.759814262390137,0.06519612669944763
2026-04-06 06:00:00,18.728171281412195,0.0,0.947321355342865,-12.506834983825684,6.755647659301758,0.053718000650405884
2026-04-06 07:00:00,20.720676430248737,0.0,0.8933357000350952,97.91754913330078,6.7587199211120605,0.02709103934466839
2026-04-06 08:00:00,23.2511590497112,0.0,0.8162412047386169,280.83514404296875,6.76332950592041,0.0514845997095108
2026-04-06 09:00:00,25.405773798867756,1.0,0.7380876541137695,481.7470703125,6.764143943786621,0.13657788932323456
2026-04-06 10:00:00,27.099715323770322,1.0,0.6850947737693787,628.2863159179688,6.766233921051025,0.3019994795322418
2026-04-06 11:00:00,27.89169774085453,2.0,0.66802579164505,676.9367065429688,6.765003681182861,0.5019702911376953
2026-04-06 12:00:00,27.76976053982022,2.0,0.6718603372573853,650.289306640625,6.766796588897705,0.6434873938560486
2026-04-06 13:00:00,27.29978834021006,2.0,0.6801906824111938,596.160888671875,6.76165771484375,0.685295581817627
2026-04-06 14:00:00,26.84759198035146,2.0,0.6894242763519287,529.2544555664062,6.760671615600586,0.5257249474525452
2026-04-06 15:00:00,25.98431823663445,1.0,0.7202140092849731,419.8614196777344,6.762693405151367,0.3286399245262146
2026-04-06 16:00:00,24.9531969733558,1.0,0.7610994577407837,285.7266540527344,6.762645721435547,0.19033361971378326
2026-04-06 17:00:00,23.788437870522884,0.0,0.8119674324989319,141.68984985351562,6.763034820556641,0.08605052530765533
2026-04-06 18:00:00,22.53738168512291,0.0,0.8541232943534851,46.319244384765625,6.765003204345703,0.022507144138216972
2026-04-06 19:00:00,22.215864829809114,0.0,0.8811511993408203,16.229463577270508,6.76832914352417,0.016709161922335625
2026-04-06 20:00:00,21.861779099883524,0.0,0.8929944038391113,11.353898048400879,6.7680792808532715,0.013440890237689018
2026-04-06 21:00:00,21.42228551417095,0.0,0.8971607685089111,6.750473976135254,6.765551567077637,0.025397581979632378
2026-04-06 22:00:00,20.864677788408283,0.0,0.9096424579620361,-10.181487083435059,6.761950969696045,0.006908504758030176
2026-04-06 23:00:00,20.45951101565178,0.0,0.9244514107704163,-12.154555320739746,6.763041973114014,0.011160684749484062
2026-04-07 00:00:00,20.11524305259848,0.0,0.9382623434066772,-7.847426414489746,6.765980243682861,0.04289865493774414
2026-04-07 01:00:00,19.88911297227132,0.0,0.9477683305740356,1.758301854133606,6.765233516693115,0.07090598344802856
2026-04-07 02:00:00,19.732101382995502,0.0,0.9529715776443481,6.911530494689941,6.770641326904297,0.07322433590888977
2026-04-07 03:00:00,19.55924381612979,0.0,0.9580559134483337,12.842820167541504,6.766969680786133,0.06877265870571136
2026-04-07 04:00:00,19.29895079067735,0.0,0.9576403498649597,7.953598976135254,6.766823768615723,0.06114526093006134
2026-04-07 05:00:00,18.853684779854877,0.0,0.9631180167198181,-21.893918991088867,6.764059066772461,0.05196511745452881
2026-04-07 06:00:00,18.69998257596786,0.0,0.9477285742759705,-10.963576316833496,6.765961170196533,0.033710598945617676
2026-04-07 07:00:00,20.65444012501192,0.0,0.896682858467102,97.26660919189453,6.767632007598877,0.008837936446070671
2026-04-07 08:00:00,23.266268588743184,0.0,0.8157590627670288,286.1703796386719,6.7677001953125,0.029047993943095207
2026-04-07 09:00:00,25.46884604160457,0.0,0.7359402775764465,489.01129150390625,6.771941184997559,0.09752252697944641
2026-04-07 10:00:00,27.13282922300128,1.0,0.6838740110397339,635.6982421875,6.772063255310059,0.29226022958755493
2026-04-07 11:00:00,27.93349118262699,2.0,0.6667922139167786,684.7327270507812,6.773596286773682,0.5057905316352844
2026-04-07 12:00:00,27.809160449793364,2.0,0.6721925139427185,656.4730834960938,6.771538257598877,0.6932938694953918
2026-04-07 13:00:00,27.28610353338633,2.0,0.6801469326019287,594.3595581054688,6.772669792175293,0.6936250925064087
2026-04-07 14:00:00,26.843355186833392,2.0,0.6906768083572388,530.6060791015625,6.7702741622924805,0.5527141690254211
2026-04-07 15:00:00,26.151275100037772,1.0,0.7159196734428406,430.0883483886719,6.767992973327637,0.3508535325527191
2026-04-07 16:00:00,25.18780480340341,1.0,0.757462203502655,303.0413818359375,6.770872592926025,0.2423943281173706
2026-04-07 17:00:00,23.8767537007536,1.0,0.8127163052558899,151.1878662109375,6.769446849822998,0.16115067899227142
2026-04-07 18:00:00,22.593198945865097,0.0,0.8556967973709106,57.609039306640625,6.770323753356934,0.09565441310405731
2026-04-07 19:00:00,22.32688950517838,0.0,0.8801413178443909,28.523881912231445,6.769864559173584,0.026147468015551567
2026-04-07 20:00:00,22.03310685473868,0.0,0.8903356790542603,26.019716262817383,6.769195556640625,0.0089642982929945
2026-04-07 21:00:00,21.477735240156477,0.0,0.8981484174728394,16.085420608520508,6.769529819488525,0.02878236584365368
2026-04-07 22:00:00,20.972406090738062,0.0,0.9063184261322021,3.823502779006958,6.768878936767578,0.055746689438819885
2026-04-07 23:00:00,20.504848692653734,0.0,0.9228715896606445,-5.390379905700684,6.767924785614014,0.026200605556368828
2026-04-08 00:00:00,20.078164195176605,0.0,0.9382312297821045,-9.458571434020996,6.770444869995117,0.03974775969982147
2026-04-08 01:00:00,19.770356714156147,0.0,0.9489958882331848,-10.753767967224121,6.7715888023376465,0.08276548981666565
2026-04-08 02:00:00,19.633391683483975,0.0,0.9530607461929321,-2.599653959274292,6.772500514984131,0.059735119342803955
2026-04-08 03:00:00,19.460176586352215,0.0,0.9571085572242737,2.607468843460083,6.773834228515625,0.03579935431480408
2026-04-08 04:00:00,19.203131527498496,0.0,0.9595970511436462,0.42909350991249084,6.772655963897705,0.02705545537173748
2026-04-08 05:00:00,18.815591212960346,0.0,0.9636632800102234,-23.85413932800293,6.772294521331787,0.0357954204082489
2026-04-08 06:00:00,18.779721192911218,0.0,0.9442400932312012,-0.7800891995429993,6.774426460266113,0.03792259097099304
2026-04-08 07:00:00,20.78272076942873,0.0,0.8903170228004456,105.89596557617188,6.772751808166504,0.02561028115451336
2026-04-08 08:00:00,23.36735737963674,0.0,0.8081076741218567,294.4677429199219,6.771869659423828,0.058264151215553284
2026-04-08 09:00:00,25.60434664432674,1.0,0.729221522808075,503.2928466796875,6.77467679977417,0.17704427242279053
2026-04-08 10:00:00,27.255950560891904,1.0,0.679156482219696,647.922607421875,6.771842956542969,0.3267897069454193
2026-04-08 11:00:00,27.99581799537113,2.0,0.6656696796417236,690.5841674804688,6.770335674285889,0.5616892576217651
2026-04-08 12:00:00,27.87802916317227,2.0,0.6702854633331299,665.2489624023438,6.775384426116943,0.7159029841423035
2026-04-08 13:00:00,27.450946634887796,2.0,0.6781063079833984,608.3470458984375,6.777233123779297,0.7400614023208618
2026-04-08 14:00:00,26.826274879826556,2.0,0.6918779611587524,528.1280517578125,6.772719860076904,0.5988069772720337
2026-04-08 15:00:00,26.209420012757498,1.0,0.7142351269721985,437.4020690917969,6.774237155914307,0.37855011224746704
2026-04-08 16:00:00,25.25478861764291,1.0,0.7556814551353455,309.8689880371094,6.774711608886719,0.22773100435733795
2026-04-08 17:00:00,24.038693493386656,1.0,0.8073522448539734,164.17929077148438,6.774559497833252,0.12665174901485443
2026-04-08 18:00:00,22.722860544070663,0.0,0.8505746722221375,64.40634155273438,6.771571159362793,0.04852952063083649
2026-04-08 19:00:00,22.395007962972567,0.0,0.8774152398109436,31.67094612121582,6.7752366065979,-0.0047447397373616695
2026-04-08 20:00:00,22.043282521547763,0.0,0.8879778385162354,24.288331985473633,6.775613307952881,-0.009437324479222298
2026-04-08 21:00:00,21.452093892390554,0.0,0.8974531888961792,8.397583961486816,6.776678085327148,0.003765909234061837
2026-04-08 22:00:00,20.99636582234669,0.0,0.9053533673286438,4.869034767150879,6.775106906890869,0.017736388370394707
2026-04-08 23:00:00,20.58531002513509,0.0,0.9174809455871582,0.35696521401405334,6.7731523513793945,-0.008623303845524788
2026-04-09 00:00:00,20.212150222268345,0.0,0.9328991770744324,2.556626558303833,6.776596546173096,0.016320405527949333
2026-04-09 01:00:00,19.8619647616415,0.0,0.9468634724617004,-3.3847033977508545,6.776262283325195,0.06974577903747559
2026-04-09 02:00:00,19.71709008240189,0.0,0.9530092477798462,2.430283784866333,6.772263526916504,0.046131983399391174
2026-04-09 03:00:00,19.447515758491978,0.0,0.9587244391441345,1.5618144273757935,6.770519733428955,0.028732625767588615
2026-04-09 04:00:00,19.1640369533637,0.0,0.962122917175293,-3.9743030071258545,6.774719715118408,0.04202120006084442
2026-04-09 05:00:00,18.8434728352748,0.0,0.9624389410018921,-25.850278854370117,6.773680210113525,0.039178475737571716
2026-04-09 06:00:00,18.72590916593368,0.0,0.9478131532669067,-11.679060935974121,6.775752067565918,0.031042320653796196
2026-04-09 07:00:00,20.60371183254671,0.0,0.8967554569244385,89.33586883544922,6.771686553955078,0.03534740209579468
2026-04-09 08:00:00,23.234705363950706,0.0,0.8146677613258362,278.4898986816406,6.772070407867432,0.05146901309490204
2026-04-09 09:00:00,25.514447333261064,1.0,0.7338886260986328,489.0755920410156,6.773914813995361,0.1246776282787323
2026-04-09 10:00:00,27.0424756768587,1.0,0.6835975646972656,624.2823486328125,6.770650863647461,0.32166191935539246
2026-04-09 11:00:00,27.976672983469275,2.0,0.6667511463165283,681.113037109375,6.777100563049316,0.506863534450531
2026-04-09 12:00:00,27.751552226831937,2.0,0.6743915677070618,647.5921630859375,6.774682521820068,0.6785584092140198
2026-04-09 13:00:00,27.407761591552834,2.0,0.6778020262718201,601.8748779296875,6.775949478149414,0.6738134026527405
2026-04-09 14:00:00,26.8479160007372,2.0,0.6921453475952148,529.3977661132812,6.773223876953125,0.5382295250892639
2026-04-09 15:00:00,26.248319949433522,1.0,0.7144864201545715,438.87786865234375,6.774003505706787,0.3464350402355194
2026-04-09 16:00:00,25.29665327981332,1.0,0.752550482749939,313.3125305175781,6.776898384094238,0.22361935675144196
2026-04-09 17:00:00,24.04279934742108,1.0,0.8052483797073364,163.49127197265625,6.774935245513916,0.11309655010700226
2026-04-09 18:00:00,22.77640524660057,0.0,0.8466073870658875,69.02247619628906,6.774815082550049,0.04472777247428894
2026-04-09 19:00:00,22.36534368494217,0.0,0.8749117255210876,29.907411575317383,6.776641845703125,-0.01663944311439991
2026-04-09 20:00:00,22.03323574382254,0.0,0.8845427632331848,28.252153396606445,6.776567459106445,-0.008430005982518196
2026-04-09 21:00:00,21.47391856699688,0.0,0.8934377431869507,13.984757423400879,6.777740478515625,0.007978064939379692
2026-04-09 22:00:00,21.004799870045666,0.0,0.9021753668785095,7.402878761291504,6.777144908905029,-0.008983077481389046
2026-04-09 23:00:00,20.617364802001077,0.0,0.9163269400596619,5.931443214416504,6.778639793395996,-0.021898599341511726
2026-04-10 00:00:00,20.25372839069033,0.0,0.9316802024841309,4.484253883361816,6.779491424560547,0.006829722318798304
2026-04-10 01:00:00,19.946693424013134,0.0,0.9439613223075867,4.137391090393066,6.78104305267334,0.043699949979782104
2026-04-10 02:00:00,19.677087133313076,0.0,0.9537379145622253,-2.4231860637664795,6.779727935791016,0.035621315240859985
2026-04-10 03:00:00,19.613228324644194,0.0,0.9542120695114136,12.714066505432129,6.777464389801025,0.04437991976737976
2026-04-10 04:00:00,19.399778017316144,0.0,0.9543359875679016,12.634491920471191,6.778000354766846,0.05509495735168457
2026-04-10 05:00:00,18.97791993305312,0.0,0.9559922218322754,-9.904616355895996,6.7794575691223145,0.05004975199699402
2026-04-10 06:00:00,18.840751191850703,0.0,0.9385930895805359,0.39906421303749084,6.778613090515137,0.020298270508646965
2026-04-10 07:00:00,20.785542319797994,0.0,0.8894591331481934,102.72041320800781,6.776744842529297,0.024902520701289177
2026-04-10 08:00:00,23.48927897616384,0.0,0.807060956954956,293.80859375,6.777341842651367,0.05237869918346405
2026-04-10 09:00:00,25.698318850442462,1.0,0.7265228629112244,504.27093505859375,6.77854061126709,0.1535518616437912
2026-04-10 10:00:00,27.272575393045223,1.0,0.6767492890357971,645.0673828125,6.780453681945801,0.3193175196647644
2026-04-10 11:00:00,27.99608956366947,2.0,0.6623110771179199,687.72607421875,6.780693054199219,0.5018172860145569
2026-04-10 12:00:00,27.831195209314846,2.0,0.6695148944854736,657.8815307617188,6.779440402984619,0.6492514610290527
2026-04-10 13:00:00,27.376871660827735,2.0,0.6773532629013062,603.6273803710938,6.779263496398926,0.6865399479866028
2026-04-10 14:00:00,26.854504593266498,2.0,0.6891186833381653,526.0818481445312,6.778469085693359,0.5142118334770203
2026-04-10 15:00:00,26.121060904786304,1.0,0.7171382308006287,427.1282043457031,6.777839183807373,0.32199764251708984
2026-04-10 16:00:00,25.158674497159513,1.0,0.7571284770965576,297.2342224121094,6.778135299682617,0.1711762696504593
2026-04-10 17:00:00,24.03250897266522,0.0,0.8065814971923828,161.87677001953125,6.777215480804443,0.09852196276187897
2026-04-10 18:00:00,22.683119838580552,0.0,0.8513531684875488,62.39363098144531,6.776035785675049,0.039511531591415405
2026-04-10 19:00:00,22.35519290903275,0.0,0.8734526038169861,30.672456741333008,6.775391578674316,0.011056987568736076
2026-04-10 20:00:00,22.051692097963777,0.0,0.8822988867759705,30.979860305786133,6.777576923370361,0.027705831453204155
2026-04-10 21:00:00,21.50405848234398,0.0,0.8915004730224609,18.503389358520508,6.776301383972168,0.056085556745529175
2026-04-10 22:00:00,21.054893940480238,0.0,0.8992685675621033,10.757493019104004,6.777531623840332,0.062421008944511414
2026-04-10 23:00:00,20.760088886855204,0.0,0.9115644693374634,13.439301490783691,6.777393341064453,0.058752790093421936
2026-04-11 00:00:00,20.33691246127749,0.0,0.9262077808380127,10.851655006408691,6.779533863067627,0.0927656888961792
2026-04-11 01:00:00,19.949410871517536,1.0,0.9406910538673401,1.6763774156570435,6.781278610229492,0.10461607575416565
2026-04-11 02:00:00,19.761864614552366,0.0,0.9471437931060791,0.44130054116249084,6.779446601867676,0.08554403483867645
2026-04-11 03:00:00,19.57418081640445,0.0,0.9547079801559448,5.629776954650879,6.7797346115112305,0.07625827193260193
2026-04-11 04:00:00,19.29598031497387,0.0,0.9563401937484741,3.7092297077178955,6.773001670837402,0.07977461814880371
2026-04-11 05:00:00,18.958522197457416,0.0,0.9575880169868469,-15.748625755310059,6.776578903198242,0.07178622484207153
2026-04-11 06:00:00,18.90770980973537,0.0,0.9371260404586792,7.025040626525879,6.777151584625244,0.0545169860124588
2026-04-11 07:00:00,20.90992861607027,0.0,0.8844063878059387,113.17191314697266,6.776206016540527,0.04473637044429779
2026-04-11 08:00:00,23.53602603121755,0.0,0.8046001195907593,302.9017333984375,6.778488636016846,0.06878785789012909
2026-04-11 09:00:00,25.710776945993,1.0,0.7256736159324646,508.3517761230469,6.780570030212402,0.15511932969093323
2026-04-11 10:00:00,27.234758124673643,1.0,0.67840176820755,644.2910766601562,6.777650833129883,0.31216639280319214
2026-04-11 11:00:00,27.918738527597693,1.0,0.6661932468414307,684.2051391601562,6.779908657073975,0.4990420937538147
2026-04-11 12:00:00,27.708488414576077,2.0,0.6735031604766846,650.83837890625,6.778486251831055,0.6678675413131714
2026-04-11 13:00:00,27.324517153381446,2.0,0.6809893846511841,601.2186889648438,6.776799201965332,0.7088752388954163
2026-04-11 14:00:00,26.9371738132372,2.0,0.6897521615028381,533.4553833007812,6.774972915649414,0.5480141043663025
2026-04-11 15:00:00,26.236339129731373,1.0,0.7157959938049316,439.07989501953125,6.772269248962402,0.3658152222633362
2026-04-11 16:00:00,25.32184054330209,1.0,0.7524942755699158,314.2904968261719,6.771749973297119,0.22434121370315552
2026-04-11 17:00:00,24.147990911981015,1.0,0.8036274313926697,173.26368713378906,6.772897720336914,0.12399614602327347
2026-04-11 18:00:00,22.82023014818138,0.0,0.8469147682189941,74.78813171386719,6.775143623352051,0.06197017431259155
2026-04-11 19:00:00,22.601019254714892,0.0,0.869455873966217,47.51490783691406,6.776195526123047,0.04073919355869293
2026-04-11 20:00:00,22.16536936718413,0.0,0.8821195363998413,35.356719970703125,6.776051044464111,0.03659695386886597
2026-04-11 21:00:00,21.638337027723615,0.0,0.88721764087677,23.386842727661133,6.775871276855469,0.024800537154078484
2026-04-11 22:00:00,21.167239092381482,0.0,0.8954559564590454,12.940735816955566,6.769556999206543,0.03319281339645386
2026-04-11 23:00:00,20.711286911604958,0.0,0.9137853384017944,9.089234352111816,6.7714996337890625,0.03511504828929901
2026-04-12 00:00:00,20.452199118491652,0.0,0.9239125847816467,17.463197708129883,6.774062633514404,0.061445459723472595
2026-04-12 01:00:00,20.076807359483716,0.0,0.9367429614067078,9.623612403869629,6.772992134094238,0.08383375406265259
2026-04-12 02:00:00,19.819933452392476,0.0,0.9468014240264893,7.763276100158691,6.773501396179199,0.09119497239589691
2026-04-12 03:00:00,19.650069965116607,0.0,0.9491279125213623,14.167344093322754,6.773139953613281,0.035715535283088684
2026-04-12 04:00:00,19.494472490463536,0.0,0.946911096572876,23.17137336730957,6.775522708892822,0.03881511092185974
2026-04-12 05:00:00,19.066548701974018,0.0,0.9514164328575134,-3.0184314250946045,6.773244380950928,0.06056748330593109
2026-04-12 06:00:00,18.95455415864284,0.0,0.9370790719985962,8.322983741760254,6.771162509918213,0.06686548888683319
2026-04-12 07:00:00,20.838917463802815,0.0,0.8892498016357422,105.7660140991211,6.770808696746826,0.0709971934556961
2026-04-12 08:00:00,23.468755752286885,0.0,0.80753093957901,296.4747314453125,6.774581432342529,0.08969436585903168
2026-04-12 09:00:00,25.70027323429256,1.0,0.7277820706367493,503.3927001953125,6.77622652053833,0.166192889213562
2026-04-12 10:00:00,27.254490142190733,1.0,0.6786960363388062,637.7921142578125,6.772477626800537,0.32508182525634766
2026-04-12 11:00:00,28.00796715766361,2.0,0.6643012166023254,682.989013671875,6.771448135375977,0.5167829990386963
2026-04-12 12:00:00,27.883322627832914,2.0,0.6702696084976196,658.254638671875,6.773098468780518,0.6997421979904175
2026-04-12 13:00:00,27.425871180175882,2.0,0.6775681972503662,602.6588134765625,6.771575450897217,0.7079955339431763
2026-04-12 14:00:00,26.963217209233296,2.0,0.6891113519668579,534.7861938476562,6.769148349761963,0.584548830986023
2026-04-12 15:00:00,26.276676444337088,1.0,0.7128350138664246,439.5187072753906,6.766414165496826,0.377271443605423
2026-04-12 16:00:00,25.323928479703458,1.0,0.7513732314109802,312.7632751464844,6.76565408706665,0.26067158579826355
2026-04-12 17:00:00,24.11949534275189,1.0,0.801873505115509,167.83981323242188,6.765879154205322,0.15433159470558167
2026-04-12 18:00:00,22.84929421220726,0.0,0.8433109521865845,74.29673767089844,6.7673211097717285,0.08371034264564514
2026-04-12 19:00:00,22.56080139735405,0.0,0.8680849075317383,43.51838684082031,6.7703142166137695,0.025507135316729546
2026-04-12 20:00:00,22.212185372890918,0.0,0.8780477643013,38.51739501953125,6.7735276222229,0.026944009587168694
2026-04-12 21:00:00,21.715739390547103,0.0,0.8842107653617859,28.100923538208008,6.7719645500183105,0.03907877206802368
2026-04-12 22:00:00,21.099069860966686,0.0,0.8950791358947754,7.082062721252441,6.770317077636719,0.041974663734436035
2026-04-12 23:00:00,20.654474470851977,0.0,0.9117188453674316,-0.7901142239570618,6.771139621734619,0.04287979006767273
2026-04-13 00:00:00,20.390314370152,0.0,0.9237890243530273,9.550568580627441,6.77287483215332,0.0730937272310257
2026-04-13 01:00:00,19.986407913219807,1.0,0.936218798160553,1.984711766242981,6.773523330688477,0.11333450675010681
2026-04-13 02:00:00,19.842073840881245,1.0,0.9424024224281311,9.310456275939941,6.774163246154785,0.10002881288528442
2026-04-13 03:00:00,19.68167715608321,0.0,0.9448183178901672,17.008806228637695,6.774909496307373,0.033003151416778564
2026-04-13 04:00:00,19.374932636533064,0.0,0.9499521851539612,11.627274513244629,6.775206089019775,0.0477362722158432
2026-04-13 05:00:00,18.979306575509174,0.0,0.9526534080505371,-11.668227195739746,6.774564266204834,0.06011374294757843
2026-04-13 06:00:00,18.928916675046036,0.0,0.9347240328788757,6.356202125549316,6.771567344665527,0.05996134877204895
2026-04-13 07:00:00,20.956624606632708,0.0,0.8826645612716675,111.52818298339844,6.772050380706787,0.04260051250457764
2026-04-13 08:00:00,23.57131713076589,0.0,0.8012664318084717,303.09979248046875,6.777937889099121,0.08489112555980682
2026-04-13 09:00:00,25.816579768106035,1.0,0.7230830788612366,508.519775390625,6.775782585144043,0.17135436832904816
2026-04-13 10:00:00,27.38286641629962,1.0,0.6737780570983887,646.5396118164062,6.776246070861816,0.30090031027793884
2026-04-13 11:00:00,28.179737940134316,1.0,0.6583975553512573,694.039794921875,6.775166988372803,0.4915212392807007
2026-04-13 12:00:00,27.96552603512051,2.0,0.6684666872024536,658.0056762695312,6.775700569152832,0.6590553522109985
2026-04-13 13:00:00,27.484744166015723,2.0,0.6770082712173462,599.319580078125,6.776066303253174,0.6881208419799805
2026-04-13 14:00:00,26.993916862858782,2.0,0.6885658502578735,532.90576171875,6.7760138511657715,0.5223279595375061
2026-04-13 15:00:00,26.29840879373284,1.0,0.716132402420044,434.174072265625,6.775392532348633,0.34494537115097046
2026-04-13 16:00:00,25.37260325387338,1.0,0.7523144483566284,308.0672302246094,6.772223949432373,0.21174916625022888
2026-04-13 17:00:00,24.214207905312925,1.0,0.8015488982200623,171.56057739257812,6.773692607879639,0.1438160538673401
2026-04-13 18:00:00,22.960641963824692,0.0,0.842993438243866,76.91035461425781,6.772425174713135,0.05219633877277374
2026-04-13 19:00:00,22.522471767455983,0.0,0.8713304996490479,37.411041259765625,6.773534774780273,0.02975749783217907
2026-04-13 20:00:00,22.228340339245285,0.0,0.8789054751396179,36.41255187988281,6.7738847732543945,0.030802709981799126
2026-04-13 21:00:00,21.72393663137657,0.0,0.8845511674880981,28.05485725402832,6.77232551574707,0.045615240931510925
2026-04-13 22:00:00,21.248215456398015,0.0,0.8934754729270935,18.152055740356445,6.772274971008301,0.009166879579424858
2026-04-13 23:00:00,20.81150970899876,0.0,0.908717930316925,13.376557350158691,6.774420738220215,0.02637927047908306
2026-04-14 00:00:00,20.407392436024193,0.0,0.9228229522705078,13.219620704650879,6.777405738830566,0.053866058588027954
2026-04-14 01:00:00,20.01513468148994,0.0,0.9351228475570679,5.288849830627441,6.778675079345703,0.09067578613758087
2026-04-14 02:00:00,19.731032674694912,1.0,0.9451141953468323,-2.145247220993042,6.777252674102783,0.11845776438713074
2026-04-14 03:00:00,19.649423383466825,0.0,0.9466356635093689,12.059601783752441,6.775534152984619,0.07685807347297668
2026-04-14 04:00:00,19.411010059628765,0.0,0.9481149911880493,13.239579200744629,6.775371074676514,0.0723576545715332
2026-04-14 05:00:00,19.07394921466933,0.0,0.9475834369659424,-3.647536039352417,6.773377418518066,0.077674999833107
2026-04-14 06:00:00,19.02527431626613,0.0,0.9327442646026611,12.225907325744629,6.772411823272705,0.09003880620002747
2026-04-14 07:00:00,21.00529047825289,0.0,0.8792760968208313,116.87479400634766,6.773007869720459,0.034711480140686035
2026-04-14 08:00:00,23.59742221041677,0.0,0.79965740442276,306.7095947265625,6.775723457336426,0.04700401425361633
2026-04-14 09:00:00,25.737986208840898,1.0,0.7235514521598816,503.72174072265625,6.776986122131348,0.15612632036209106
2026-04-14 10:00:00,27.364938102090633,1.0,0.673109769821167,647.0303344726562,6.7803473472595215,0.2800373136997223
2026-04-14 11:00:00,28.12830006629398,1.0,0.6597551107406616,693.0283813476562,6.780674457550049,0.48745885491371155
2026-04-14 12:00:00,27.984161670496487,2.0,0.6663104891777039,665.9722290039062,6.7788190841674805,0.6776983737945557
2026-04-14 13:00:00,27.635482805847268,2.0,0.6724614500999451,615.4445190429688,6.77931022644043,0.6908548474311829
2026-04-14 14:00:00,27.136028984440813,2.0,0.6854076385498047,545.7919921875,6.775180816650391,0.5553510189056396
2026-04-14 15:00:00,26.411480216309744,1.0,0.7122450470924377,446.2081604003906,6.775731563568115,0.3571266829967499
2026-04-14 16:00:00,25.428873891385585,1.0,0.7529939413070679,314.0649719238281,6.776021957397461,0.22119422256946564
2026-04-14 17:00:00,24.215461224099545,1.0,0.8028113842010498,174.98983764648438,6.772815227508545,0.15045516192913055
2026-04-14 18:00:00,22.949142091617052,0.0,0.8445230722427368,79.48782348632812,6.773494720458984,0.07322728633880615
2026-04-14 19:00:00,22.65501109698479,0.0,0.8691274523735046,49.426605224609375,6.774374961853027,0.04365043342113495
2026-04-14 20:00:00,22.253785762371507,0.0,0.8810681700706482,38.53630065917969,6.775794982910156,0.0041303024627268314
2026-04-14 21:00:00,21.72309328764183,0.0,0.8877810835838318,29.469697952270508,6.778377056121826,0.03224627673625946
2026-04-14 22:00:00,21.170720253379827,0.0,0.8998597264289856,16.772859573364258,6.777953147888184,0.04053060710430145
2026-04-14 23:00:00,20.72613922560032,0.0,0.9145705699920654,13.232392311096191,6.781920433044434,0.0614342987537384
2026-04-15 00:00:00,20.40440304076338,0.0,0.9263086915016174,16.321931838989258,6.786237716674805,0.0796835720539093
2026-04-15 01:00:00,20.08950581910896,0.0,0.9381424784660339,13.467453956604004,6.785888195037842,0.09899944067001343
2026-04-15 02:00:00,19.82924996354665,0.0,0.9459546804428101,10.173691749572754,6.7834296226501465,0.0952528715133667
2026-04-15 03:00:00,19.7292380672618,0.0,0.946874737739563,19.774324417114258,6.7822442054748535,0.09385916590690613
2026-04-15 04:00:00,19.417641901288313,0.0,0.9514840245246887,10.849030494689941,6.778759956359863,0.07810375094413757
2026-04-15 05:00:00,19.117173549386127,0.0,0.9492195844650269,-2.019942045211792,6.780013084411621,0.05901418626308441
2026-04-15 06:00:00,18.999715796902727,0.0,0.9330154657363892,11.372406959533691,6.778618335723877,0.04316766560077667
2026-04-15 07:00:00,21.06570389130068,0.0,0.8802561163902283,122.71385192871094,6.780483245849609,0.026048315688967705
2026-04-15 08:00:00,23.67519122286794,0.0,0.8007348775863647,313.210205078125,6.782034873962402,0.08452783524990082
2026-04-15 09:00:00,25.889712244912676,1.0,0.7213972806930542,517.828125,6.781620502471924,0.18990428745746613
2026-04-15 10:00:00,27.525432753885067,1.0,0.6723899245262146,658.18798828125,6.781571865081787,0.346836119890213
2026-04-15 11:00:00,28.212678461374548,2.0,0.660697340965271,699.4549560546875,6.783473491668701,0.5433025360107422
2026-04-15 12:00:00,28.035611408045316,2.0,0.6675881743431091,671.4170532226562,6.785901069641113,0.7040605545043945
2026-04-15 13:00:00,27.61130613195811,2.0,0.6756344437599182,614.922119140625,6.784398078918457,0.7388450503349304
2026-04-15 14:00:00,27.074629982365618,2.0,0.689151406288147,538.15673828125,6.781862258911133,0.5940693020820618
2026-04-15 15:00:00,26.45535242013665,1.0,0.7110605239868164,446.78155517578125,6.781094074249268,0.3887821137905121
2026-04-15 16:00:00,25.398807973416837,1.0,0.7524260878562927,313.8898010253906,6.78280782699585,0.2541733682155609
2026-04-15 17:00:00,24.227891834756285,1.0,0.8005543351173401,177.21682739257812,6.778597354888916,0.17559385299682617
2026-04-15 18:00:00,22.97997957979149,1.0,0.8428742289543152,82.79463195800781,6.7810564041137695,0.11277754604816437
2026-04-15 19:00:00,22.63141158679192,0.0,0.8696629405021667,45.843902587890625,6.780619144439697,0.050484925508499146
2026-04-15 20:00:00,22.18491381603667,0.0,0.8828032612800598,33.433013916015625,6.780292510986328,0.038102924823760986
2026-04-15 21:00:00,21.64219098776085,0.0,0.8905068635940552,24.16563606262207,6.781898021697998,0.07280445098876953
2026-04-15 22:00:00,21.1450628648119,0.0,0.8991618156433105,12.864716529846191,6.780007362365723,0.051158517599105835
2026-04-15 23:00:00,20.763252300856667,0.0,0.9121278524398804,11.535553932189941,6.782118797302246,0.043882817029953
2026-04-16 00:00:00,20.399553986546042,0.0,0.9263806343078613,12.375702857971191,6.781505107879639,0.09469130635261536
2026-04-16 01:00:00,20.06642753961372,1.0,0.9388307332992554,7.346985816955566,6.785696506500244,0.12046492099761963
2026-04-16 02:00:00,19.737836187268154,1.0,0.9501476883888245,-0.06996043771505356,6.782153606414795,0.10880815982818604
2026-04-16 03:00:00,19.5588610589429,1.0,0.9548420310020447,7.181122779846191,6.784458637237549,0.10149383544921875
2026-04-16 04:00:00,19.31741581371812,0.0,0.9554226994514465,6.337174415588379,6.78402042388916,0.08867259323596954
2026-04-16 05:00:00,18.999667522164447,1.0,0.9585952758789062,-9.552214622497559,6.780808448791504,0.1098533421754837
2026-04-16 06:00:00,18.848900727823327,0.0,0.9438095688819885,-1.3417805433273315,6.781010627746582,0.09716404974460602
2026-04-16 07:00:00,20.89653126575899,1.0,0.8895034790039062,114.56751251220703,6.779156684875488,0.10468722879886627
2026-04-16 08:00:00,23.612936469755148,1.0,0.8060514330863953,309.05633544921875,6.786376476287842,0.1316627413034439
2026-04-16 09:00:00,25.87248587314754,1.0,0.7250161170959473,512.5734252929688,6.789093494415283,0.1783289760351181
2026-04-16 10:00:00,27.42707154783038,1.0,0.6759790778160095,651.037109375,6.789754390716553,0.3488192558288574
2026-04-16 11:00:00,28.198329019846227,2.0,0.6605424284934998,697.91357421875,6.791892051696777,0.5455663800239563
2026-04-16 12:00:00,28.01958510189297,2.0,0.6680315136909485,663.7485961914062,6.788327217102051,0.6865532994270325
2026-04-16 13:00:00,27.60607122290049,2.0,0.6765784621238708,610.1790771484375,6.7865891456604,0.6811774373054504
2026-04-16 14:00:00,27.181286743535054,2.0,0.6857275366783142,541.3965454101562,6.786733627319336,0.5397398471832275
2026-04-16 15:00:00,26.457735595032887,1.0,0.7124167084693909,444.3630065917969,6.784549236297607,0.33482643961906433
2026-04-16 16:00:00,25.37687758401254,1.0,0.7559066414833069,308.7070617675781,6.78253173828125,0.20377066731452942
2026-04-16 17:00:00,24.262412813683895,1.0,0.802552342414856,174.3623504638672,6.780741214752197,0.1401912271976471
2026-04-16 18:00:00,22.986237314090193,0.0,0.8444888591766357,80.41513061523438,6.782082557678223,0.07410463690757751
2026-04-16 19:00:00,22.681300893814015,0.0,0.8688229322433472,46.04365539550781,6.781945705413818,0.035075873136520386
2026-04-16 20:00:00,22.384169292034592,0.0,0.8759986758232117,48.13359069824219,6.7815704345703125,0.0423874706029892
2026-04-16 21:00:00,21.784952014381712,0.0,0.8869509100914001,34.2119140625,6.7842230796813965,0.07300792634487152
2026-04-16 22:00:00,21.231755018623357,0.0,0.897512674331665,18.82750129699707,6.784179210662842,0.07268062233924866
2026-04-16 23:00:00,20.855637268660622,0.0,0.9075484275817871,15.820557594299316,6.783603191375732,0.050184160470962524
2026-04-17 00:00:00,20.42747875308657,0.0,0.9251930117607117,14.565461158752441,6.787019729614258,0.08253462612628937
2026-04-17 01:00:00,20.116364408162113,1.0,0.9370096325874329,16.401857376098633,6.787908554077148,0.10912646353244781
2026-04-17 02:00:00,19.87568997361745,1.0,0.9460010528564453,11.022019386291504,6.788022994995117,0.11495646834373474
2026-04-17 03:00:00,19.692223840348348,1.0,0.9513217806816101,17.812944412231445,6.788699626922607,0.11506934463977814
2026-04-17 04:00:00,19.476371952209753,1.0,0.9536882638931274,17.214448928833008,6.791689395904541,0.12217944115400314
2026-04-17 05:00:00,19.08694970295058,1.0,0.954793393611908,-7.187651634216309,6.790923595428467,0.11715731024742126
2026-04-17 06:00:00,19.02303169389064,1.0,0.9378637075424194,12.997208595275879,6.789372444152832,0.11703117191791534
2026-04-17 07:00:00,21.003305343174457,0.0,0.885793149471283,120.54933166503906,6.790721893310547,0.07934316992759705
2026-04-17 08:00:00,23.62127598925588,1.0,0.8038248419761658,311.0118103027344,6.787181854248047,0.12395147234201431
2026-04-17 09:00:00,25.832601572915607,1.0,0.7247998714447021,514.5185546875,6.788570404052734,0.19301164150238037
2026-04-17 10:00:00,27.423158698404112,1.0,0.677569568157196,654.6570434570312,6.790167331695557,0.3493676483631134
2026-04-17 11:00:00,28.22782925635746,2.0,0.6621355414390564,703.5335083007812,6.787356376647949,0.5209587812423706
2026-04-17 12:00:00,28.106125400354884,2.0,0.6682513356208801,673.5956420898438,6.784722805023193,0.6974490284919739
2026-04-17 13:00:00,27.606673296569923,2.0,0.6773189306259155,613.6099243164062,6.7852020263671875,0.7520145177841187
2026-04-17 14:00:00,27.16906704749013,2.0,0.6870195269584656,545.9928588867188,6.78546667098999,0.6178049445152283
2026-04-17 15:00:00,26.408190421387868,1.0,0.71478271484375,440.9481506347656,6.784412384033203,0.38863301277160645
2026-04-17 16:00:00,25.42743823006967,1.0,0.755221426486969,307.6413269042969,6.781564235687256,0.2363731563091278
2026-04-17 17:00:00,24.27927140094891,1.0,0.8040193915367126,171.602294921875,6.781553745269775,0.15572308003902435
2026-04-17 18:00:00,22.96775407586998,0.0,0.8458861708641052,79.68215942382812,6.782669544219971,0.09187480807304382
2026-04-17 19:00:00,22.682238451034472,0.0,0.8706610202789307,50.32481384277344,6.786435604095459,0.06625375151634216
2026-04-17 20:00:00,22.375446157040088,0.0,0.8785150051116943,47.650970458984375,6.786282539367676,0.06954440474510193
2026-04-17 21:00:00,21.8497367700885,0.0,0.8870121836662292,38.140411376953125,6.786446571350098,0.09697635471820831
2026-04-17 22:00:00,21.289029264839176,0.0,0.8985575437545776,23.19578742980957,6.786999702453613,0.09379088878631592
2026-04-17 23:00:00,20.91354175233658,1.0,0.912428617477417,19.70811653137207,6.786332130432129,0.10493199527263641
2026-04-18 00:00:00,20.43217812633181,1.0,0.9290711879730225,13.843033790588379,6.78650426864624,0.1392245590686798
2026-04-18 01:00:00,20.07288560273933,1.0,0.9414336681365967,6.966416358947754,6.78706693649292,0.18066070973873138
2026-04-18 02:00:00,19.76283008375253,1.0,0.9525308012962341,-4.790862083435059,6.784980297088623,0.13925321400165558
2026-04-18 03:00:00,19.622768625013457,1.0,0.9546079635620117,8.304139137268066,6.785818099975586,0.10746532678604126
2026-04-18 04:00:00,19.44322758129625,1.0,0.9541285634040833,10.677384376525879,6.786664009094238,0.112769216299057
2026-04-18 05:00:00,19.035209056588275,1.0,0.9563590288162231,-12.469634056091309,6.786090850830078,0.12978380918502808
2026-04-18 06:00:00,18.945161744773337,1.0,0.940452516078949,1.7613688707351685,6.785663604736328,0.1194770336151123
2026-04-18 07:00:00,20.954497431301593,1.0,0.8886538743972778,113.55937957763672,6.781656265258789,0.10253779590129852
2026-04-18 08:00:00,23.549041415891622,1.0,0.8091509342193604,298.4225769042969,6.785691261291504,0.12052953243255615
2026-04-18 09:00:00,25.87518160526424,1.0,0.7254939079284668,512.224853515625,6.788486957550049,0.20331038534641266
2026-04-18 10:00:00,27.53378842862872,1.0,0.6754525899887085,657.7859497070312,6.787256717681885,0.38528725504875183
2026-04-18 11:00:00,28.331297884287146,2.0,0.6599857807159424,707.2844848632812,6.787848949432373,0.5864592790603638
2026-04-18 12:00:00,28.199259631922267,2.0,0.6664721369743347,679.7990112304688,6.789093017578125,0.7326766848564148
2026-04-18 13:00:00,27.6847962366334,2.0,0.6787248849868774,618.0552368164062,6.791518688201904,0.7357009053230286
2026-04-18 14:00:00,27.22570206488515,2.0,0.6882891058921814,549.2735595703125,6.791712284088135,0.6106228232383728
2026-04-18 15:00:00,26.54279006890984,1.0,0.7127894163131714,451.0270690917969,6.787266731262207,0.42687565088272095
2026-04-18 16:00:00,25.491328076871426,1.0,0.7559413909912109,316.5907897949219,6.787578105926514,0.30093076825141907
2026-04-18 17:00:00,24.299173744698912,1.0,0.8032427430152893,179.742919921875,6.785633563995361,0.18489938974380493
2026-04-18 18:00:00,23.023679836139145,0.0,0.8453632593154907,83.12068176269531,6.785817623138428,0.08240959048271179
2026-04-18 19:00:00,22.61808060267632,0.0,0.8730063438415527,44.91792297363281,6.7851152420043945,0.04407687485218048
2026-04-18 20:00:00,22.292863072933642,0.0,0.8831831812858582,41.677337646484375,6.785836696624756,0.025606809183955193
2026-04-18 21:00:00,21.773241936857527,0.0,0.8913813233375549,31.67442512512207,6.783158302307129,0.059766486287117004
2026-04-18 22:00:00,21.294928064735416,0.0,0.9006982445716858,21.123308181762695,6.786134243011475,0.07885630428791046
2026-04-18 23:00:00,20.923865772722323,0.0,0.914332389831543,20.19310188293457,6.7837677001953125,0.09251165390014648
2026-04-19 00:00:00,20.52023440634871,0.0,0.9284562468528748,17.64842414855957,6.788305759429932,0.09755007922649384
2026-04-19 01:00:00,20.124758962419506,1.0,0.9414278268814087,10.231369972229004,6.789316177368164,0.1342492252588272
2026-04-19 02:00:00,19.819439201141254,1.0,0.9519633054733276,4.620850563049316,6.788329601287842,0.10246561467647552
2026-04-19 03:00:00,19.652416099302396,0.0,0.9559271931648254,10.384232521057129,6.788008213043213,0.06433361768722534
2026-04-19 04:00:00,19.440327419553082,0.0,0.9565359950065613,11.517106056213379,6.789285659790039,0.06541427969932556
2026-04-19 05:00:00,19.044043895455463,0.0,0.9600720405578613,-12.282179832458496,6.7877373695373535,0.08555597066879272
2026-04-19 06:00:00,18.990236932232925,0.0,0.9415846467018127,6.196976661682129,6.787479877471924,0.08901311457157135
2026-04-19 07:00:00,20.96598739960146,0.0,0.8911789655685425,113.30308532714844,6.786550045013428,0.060733452439308167
2026-04-19 08:00:00,23.594328300199482,1.0,0.8107789754867554,303.18878173828125,6.789216041564941,0.10472950339317322
2026-04-19 09:00:00,25.87726603214412,1.0,0.729480504989624,513.40673828125,6.791769981384277,0.19531044363975525
2026-04-19 10:00:00,27.487597823465148,1.0,0.6794098615646362,652.7869873046875,6.7916789054870605,0.3383428156375885
2026-04-19 11:00:00,28.19263394385746,2.0,0.6649793982505798,697.6156616210938,6.7935357093811035,0.5234033465385437
2026-04-19 12:00:00,28.04238051204922,2.0,0.6734520792961121,666.1384887695312,6.791500568389893,0.6841615438461304
2026-04-19 13:00:00,27.593364199279886,2.0,0.6800433397293091,610.6448364257812,6.787326335906982,0.7091194987297058
2026-04-19 14:00:00,27.056142624272358,2.0,0.6949122548103333,537.1011352539062,6.788893699645996,0.5512590408325195
2026-04-19 15:00:00,26.42882642678948,1.0,0.7177050709724426,448.6387939453125,6.786747455596924,0.38227757811546326
2026-04-19 16:00:00,25.52491215661386,1.0,0.7558072805404663,325.67254638671875,6.787949085235596,0.26766249537467957
2026-04-19 17:00:00,24.369504641076475,1.0,0.8050409555435181,186.3170623779297,6.789194583892822,0.19789442420005798
2026-04-19 18:00:00,23.037207644328536,1.0,0.8482635617256165,89.1626205444336,6.78904914855957,0.14211177825927734
2026-04-19 19:00:00,22.74079746821587,1.0,0.8727649450302124,57.03541564941406,6.790849208831787,0.11283604800701141
2026-04-19 20:00:00,22.332938174786058,0.0,0.8850682973861694,46.18162536621094,6.792319297790527,0.09441296756267548
2026-04-19 21:00:00,21.855970347816772,0.0,0.8896704316139221,39.17108154296875,6.792922496795654,0.09879143536090851
2026-04-19 22:00:00,21.331397848518375,0.0,0.8999496102333069,24.93156623840332,6.79179573059082,0.096867635846138
2026-04-19 23:00:00,20.937347723482212,1.0,0.9112668633460999,20.704195022583008,6.788549423217773,0.11915145814418793
2026-04-20 00:00:00,20.574674046393874,1.0,0.9262929558753967,21.528276443481445,6.792466163635254,0.11346252262592316
2026-04-20 01:00:00,20.10062100770759,1.0,0.9419465065002441,6.282151222229004,6.7923455238342285,0.11351528763771057
2026-04-20 02:00:00,19.83612091996755,1.0,0.9503374099731445,5.526230812072754,6.793595314025879,0.1277768462896347
2026-04-20 03:00:00,19.70284733175479,1.0,0.9546889066696167,12.867844581604004,6.794782638549805,0.1198945939540863
2026-04-20 04:00:00,19.474859756741804,1.0,0.9554664492607117,15.507676124572754,6.7921905517578125,0.1255977749824524
2026-04-20 05:00:00,19.122800227852924,1.0,0.9552757740020752,-5.306807518005371,6.791274070739746,0.11003300547599792
2026-04-20 06:00:00,19.115081826642108,0.0,0.9362768530845642,14.771073341369629,6.788173675537109,0.09214995801448822
2026-04-20 07:00:00,21.133687194370747,0.0,0.8837696313858032,124.80616760253906,6.789037227630615,0.09074580669403076
2026-04-20 08:00:00,23.786660701475117,1.0,0.8015203475952148,314.0414123535156,6.7910284996032715,0.11614228785037994
2026-04-20 09:00:00,25.967584292336994,1.0,0.7242087125778198,515.3515014648438,6.793256759643555,0.20116183161735535
2026-04-20 10:00:00,27.52671380552081,1.0,0.6761265397071838,657.4307861328125,6.792787075042725,0.33204519748687744
2026-04-20 11:00:00,28.26862961799076,2.0,0.6636254787445068,700.9254150390625,6.794678211212158,0.5439459085464478
2026-04-20 12:00:00,28.076690585901762,2.0,0.6729110479354858,668.8152465820312,6.7941155433654785,0.6840342879295349
2026-04-20 13:00:00,27.639705713867286,2.0,0.6806221008300781,613.8037109375,6.791928291320801,0.715378999710083
2026-04-20 14:00:00,27.182779396428117,2.0,0.6907874941825867,543.706298828125,6.792549133300781,0.5623911023139954
2026-04-20 15:00:00,26.39126356057854,1.0,0.7172271013259888,442.2547607421875,6.7893266677856445,0.3630574941635132
2026-04-20 16:00:00,25.572462281735927,1.0,0.753150999546051,324.65423583984375,6.791428089141846,0.23431114852428436
2026-04-20 17:00:00,24.48050012447491,1.0,0.8006617426872253,191.1089324951172,6.791642665863037,0.15136778354644775
2026-04-20 18:00:00,23.182568133220137,0.0,0.8440876007080078,93.7217025756836,6.787631988525391,0.08752685785293579
2026-04-20 19:00:00,22.825439477950976,0.0,0.8701563477516174,53.63859558105469,6.789353847503662,0.06495305895805359
2026-04-20 20:00:00,22.418994063915697,0.0,0.8817387819290161,43.99256896972656,6.788733959197998,0.07263420522212982
2026-04-20 21:00:00,21.862695595915145,1.0,0.8916844129562378,31.60777473449707,6.791956901550293,0.10398025810718536
2026-04-20 22:00:00,21.254315031559948,1.0,0.9045857787132263,14.104340553283691,6.789207935333252,0.10489584505558014
2026-04-20 23:00:00,20.87406128370579,0.0,0.9175741672515869,14.397919654846191,6.792657375335693,0.09356625378131866
2026-04-21 00:00:00,20.452344676014427,1.0,0.9330376386642456,11.067032814025879,6.794275760650635,0.10103276371955872
2026-04-21 01:00:00,20.079144195791955,1.0,0.9446450471878052,3.2079784870147705,6.793700695037842,0.11043436825275421
2026-04-21 02:00:00,19.815305059338467,1.0,0.9539128541946411,-5.077025413513184,6.793044090270996,0.1084483414888382
2026-04-21 03:00:00,19.640210317365753,0.0,0.9555641412734985,4.194916725158691,6.7944183349609375,0.08692587912082672
2026-04-21 04:00:00,19.443670840028805,0.0,0.9569039940834045,3.5010693073272705,6.795796871185303,0.0830218493938446
2026-04-21 05:00:00,19.163730022164447,0.0,0.956919252872467,-8.978835105895996,6.795877933502197,0.08588139712810516
2026-04-21 06:00:00,19.123678733304093,0.0,0.9372736215591431,10.416474342346191,6.793844699859619,0.07518753409385681
2026-04-21 07:00:00,21.15088347294283,0.0,0.8853084444999695,120.0553970336914,6.792060852050781,0.0820152759552002
2026-04-21 08:00:00,23.746294757566428,1.0,0.8067431449890137,309.2060241699219,6.7939534187316895,0.10187472403049469
2026-04-21 09:00:00,25.980952593728595,1.0,0.7281659841537476,518.0592651367188,6.793704032897949,0.180332750082016
2026-04-21 10:00:00,27.555465598428526,1.0,0.6796736121177673,657.4727172851562,6.789972305297852,0.3227403163909912
2026-04-21 11:00:00,28.361659212412146,2.0,0.6630321145057678,708.4849243164062,6.792235851287842,0.5138237476348877
2026-04-21 12:00:00,28.226240718653226,2.0,0.6696212291717529,679.0318603515625,6.793864727020264,0.669800877571106
2026-04-21 13:00:00,27.665880144714457,2.0,0.6817330718040466,612.8179321289062,6.792267799377441,0.6904819011688232
2026-04-21 14:00:00,27.189500397099504,2.0,0.6936753392219543,545.0630493164062,6.790338516235352,0.5893604159355164
2026-04-21 15:00:00,26.461738623902516,1.0,0.7196719646453857,447.7888488769531,6.7899017333984375,0.4060719609260559
2026-04-21 16:00:00,25.47445887521127,1.0,0.759681224822998,318.2251892089844,6.790207386016846,0.2666432559490204
2026-04-21 17:00:00,24.368770063897518,1.0,0.8085298538208008,182.4483184814453,6.789806842803955,0.19051995873451233
2026-04-21 18:00:00,23.10849788938469,1.0,0.8503587245941162,86.22542572021484,6.7920613288879395,0.12569788098335266
2026-04-21 19:00:00,22.790556360275197,0.0,0.872736930847168,54.35392761230469,6.790853977203369,0.07107874751091003
2026-04-21 20:00:00,22.460221595348802,0.0,0.8818749785423279,52.09407043457031,6.789972305297852,0.04612922668457031
2026-04-21 21:00:00,21.936961778099363,0.0,0.8898606300354004,40.76087951660156,6.792238712310791,0.055295273661613464
2026-04-21 22:00:00,21.384392271430972,0.0,0.9008809924125671,25.08653450012207,6.792510986328125,0.06716583669185638
2026-04-21 23:00:00,20.93888646745499,0.0,0.9155120253562927,18.491411209106445,6.793515682220459,0.0900011956691742
2026-04-22 00:00:00,20.557578566428663,1.0,0.9285902976989746,18.345338821411133,6.79408597946167,0.10607121884822845
2026-04-22 01:00:00,20.156857742097852,1.0,0.9425845146179199,11.230317115783691,6.7934722900390625,0.14046503603458405
2026-04-22 02:00:00,19.96554061868276,1.0,0.949131429195404,13.363343238830566,6.793246269226074,0.1342168003320694
2026-04-22 03:00:00,19.807543922059164,0.0,0.9511002898216248,18.037691116333008,6.790801048278809,0.08627302944660187
2026-04-22 04:00:00,19.61057116142301,0.0,0.95304936170578,16.30912971496582,6.7949066162109375,0.08016325533390045
2026-04-22 05:00:00,19.19445931598769,0.0,0.9547403454780579,-5.749449729919434,6.792384147644043,0.08966563642024994
2026-04-22 06:00:00,19.14389844079311,0.0,0.9369176030158997,13.595337867736816,6.792354106903076,0.0981147289276123
2026-04-22 07:00:00,21.12327837326479,1.0,0.8844165205955505,123.13154602050781,6.790223121643066,0.10062329471111298
2026-04-22 08:00:00,23.852312061033224,1.0,0.8019666075706482,318.7342224121094,6.7937912940979,0.11845500767230988
2026-04-22 09:00:00,26.027267252847246,1.0,0.7248879671096802,520.350341796875,6.7950310707092285,0.21029973030090332
2026-04-22 10:00:00,27.60800397428302,1.0,0.6783680319786072,661.5653686523438,6.792427062988281,0.3697584271430969
2026-04-22 11:00:00,28.382905397714882,2.0,0.6637178063392639,708.6528930664062,6.792706489562988,0.5627507567405701
2026-04-22 12:00:00,28.266037814905665,2.0,0.6699609160423279,680.7664184570312,6.791977882385254,0.7069230079650879
2026-04-22 13:00:00,27.747097757934668,2.0,0.6788150072097778,618.696044921875,6.789900779724121,0.7358498573303223
2026-04-22 14:00:00,27.231407097233784,2.0,0.6905863881111145,542.8079833984375,6.78928279876709,0.5859662890434265
2026-04-22 15:00:00,26.58039697580071,1.0,0.7145547270774841,450.34027099609375,6.788193702697754,0.4067087471485138
2026-04-22 16:00:00,25.61116068795541,1.0,0.7532573938369751,320.3737487792969,6.78605318069458,0.2493526190519333
2026-04-22 17:00:00,24.414145487328916,1.0,0.8031306862831116,179.60081481933594,6.786747455596924,0.16772513091564178
2026-04-22 18:00:00,23.100400083407823,1.0,0.8455387353897095,83.48028564453125,6.785502910614014,0.10149234533309937
2026-04-22 19:00:00,22.784262586624074,0.0,0.8703998327255249,53.19349670410156,6.788190841674805,0.07573989033699036
2026-04-22 20:00:00,22.3522181125302,0.0,0.8841405510902405,40.84434509277344,6.788433074951172,0.04497705399990082
2026-04-22 21:00:00,21.894968408043212,0.0,0.8906368613243103,35.86116027832031,6.786227226257324,0.06686118245124817
2026-04-22 22:00:00,21.335566711814884,0.0,0.9015824198722839,22.355562210083008,6.787779331207275,0.08311435580253601
2026-04-22 23:00:00,20.8325941225272,1.0,0.9176225662231445,12.892655372619629,6.785452365875244,0.10946570336818695
2026-04-23 00:00:00,20.43503182506228,1.0,0.9303839206695557,9.563614845275879,6.787907600402832,0.13183800876140594
2026-04-23 01:00:00,20.080564883974073,1.0,0.9412736892700195,4.773377418518066,6.790208339691162,0.1488686054944992
2026-04-23 02:00:00,19.856617460316524,1.0,0.9502506852149963,0.43904224038124084,6.789839267730713,0.13083277642726898
2026-04-23 03:00:00,19.65991481184207,0.0,0.9565169215202332,4.697266578674316,6.790658950805664,0.08748964965343475
2026-04-23 04:00:00,19.466666483197493,1.0,0.957299530506134,8.425934791564941,6.790935516357422,0.11053827404975891
2026-04-23 05:00:00,19.21214043781386,1.0,0.9545651078224182,-4.103484153747559,6.792688369750977,0.11616094410419464
2026-04-23 06:00:00,19.05707031388576,1.0,0.938319981098175,7.786881446838379,6.789700508117676,0.12728077173233032
2026-04-23 07:00:00,21.0984536156888,1.0,0.8853148818016052,121.66637420654297,6.788532257080078,0.10743062198162079
2026-04-23 08:00:00,23.787467471799825,1.0,0.8040170669555664,316.2620544433594,6.790903568267822,0.13741037249565125
2026-04-23 09:00:00,26.015856387063554,1.0,0.7257845401763916,519.8777465820312,6.793602466583252,0.2209959775209427
2026-04-23 10:00:00,27.642633109414852,1.0,0.6757757067680359,663.6768188476562,6.793424129486084,0.362570583820343
2026-04-23 11:00:00,28.472132540048865,2.0,0.6595094203948975,712.7094116210938,6.794118404388428,0.5279441475868225
2026-04-23 12:00:00,28.393588054468655,2.0,0.6646063923835754,687.1324462890625,6.792377471923828,0.6877055764198303
2026-04-23 13:00:00,27.835895823120218,2.0,0.678570568561554,620.313232421875,6.79374885559082,0.7200433611869812
2026-04-23 14:00:00,27.274431618107805,2.0,0.6919194459915161,544.7674560546875,6.789442539215088,0.5763764381408691
2026-04-23 15:00:00,26.574230250642017,1.0,0.71689772605896,448.2181396484375,6.791538238525391,0.40379902720451355
2026-04-23 16:00:00,25.710232057126554,1.0,0.754193127155304,328.11700439453125,6.7911224365234375,0.27268025279045105
2026-04-23 17:00:00,24.514193438073544,1.0,0.8045185208320618,187.3705291748047,6.789527416229248,0.20052601397037506
2026-04-23 18:00:00,23.261308296069565,1.0,0.8441039323806763,97.22972106933594,6.791035175323486,0.1272696554660797
2026-04-23 19:00:00,22.88052753070061,0.0,0.872805118560791,56.489959716796875,6.78861141204834,0.08106768131256104
2026-04-23 20:00:00,22.44721693951079,0.0,0.8862137794494629,44.866302490234375,6.7904839515686035,0.06214660406112671
2026-04-23 21:00:00,21.85774649351341,0.0,0.8964709639549255,28.145296096801758,6.789139270782471,0.09148430824279785
2026-04-23 22:00:00,21.251409987004283,0.0,0.9079582691192627,8.011933326721191,6.788448810577393,0.07852263748645782
2026-04-23 23:00:00,20.780380461452562,0.0,0.9223048090934753,-0.05622752755880356,6.789876461029053,0.09453392028808594
2026-04-24 00:00:00,20.355370616075042,1.0,0.9376386404037476,-5.248671531677246,6.789933204650879,0.12436654418706894
2026-04-24 01:00:00,20.02640110197353,1.0,0.9479720592498779,-5.504393577575684,6.790670871734619,0.14276953041553497
2026-04-24 02:00:00,19.840396230603115,1.0,0.9541618227958679,-0.7030017971992493,6.788102626800537,0.14506039023399353
2026-04-24 03:00:00,19.615067991010772,1.0,0.9594496488571167,4.240876197814941,6.7886247634887695,0.13738058507442474
2026-04-24 04:00:00,19.415819858823102,1.0,0.9600990414619446,6.529496192932129,6.791615009307861,0.1374450922012329
2026-04-24 05:00:00,19.1187413899623,1.0,0.9600966572761536,-8.026259422302246,6.794626712799072,0.12416765093803406
2026-04-24 06:00:00,19.114999600842545,1.0,0.9405949115753174,15.139206886291504,6.794711112976074,0.13080596923828125
2026-04-24 07:00:00,21.204610036396502,1.0,0.8848621845245361,128.79074096679688,6.794255256652832,0.11915627121925354
2026-04-24 08:00:00,23.81572776003835,1.0,0.8064207434654236,315.14361572265625,6.798643589019775,0.1337464302778244
2026-04-24 09:00:00,25.98107001011043,1.0,0.7290775775909424,517.5481567382812,6.799549102783203,0.212375670671463
2026-04-24 10:00:00,27.65312093290118,1.0,0.6778067946434021,664.6072387695312,6.796678066253662,0.34737783670425415
2026-04-24 11:00:00,28.363662691416053,2.0,0.6654373407363892,703.1315307617188,6.795752048492432,0.5369910001754761
2026-04-24 12:00:00,28.299067981531643,2.0,0.6707033514976501,680.6640014648438,6.796637535095215,0.6790300011634827
2026-04-24 13:00:00,27.852614992736918,2.0,0.6808191537857056,625.0441284179688,6.795292854309082,0.7002235651016235
2026-04-24 14:00:00,27.30404705847646,2.0,0.6928775310516357,549.2667846679688,6.796332359313965,0.559833288192749
2026-04-24 15:00:00,26.631280192658622,1.0,0.7172510027885437,450.3153076171875,6.793893337249756,0.3725079596042633
2026-04-24 16:00:00,25.632592954190763,1.0,0.758023738861084,322.2156677246094,6.796502590179443,0.2852582037448883
2026-04-24 17:00:00,24.523662661096004,1.0,0.8060864210128784,188.2042694091797,6.794586658477783,0.21425896883010864
2026-04-24 18:00:00,23.20273948942131,1.0,0.8499588966369629,92.1353988647461,6.792225360870361,0.12669767439365387
2026-04-24 19:00:00,22.7733179340667,0.0,0.8785913586616516,49.91270446777344,6.7945356369018555,0.09633517265319824
2026-04-24 20:00:00,22.34507859188506,0.0,0.8903411626815796,38.72015380859375,6.794882297515869,0.08986125886440277
2026-04-24 21:00:00,21.78986551016075,0.0,0.8997185826301575,25.78813362121582,6.794600963592529,0.08892728388309479
2026-04-24 22:00:00,21.217220572026257,0.0,0.9095011353492737,12.129670143127441,6.79195499420166,0.09236523509025574
2026-04-24 23:00:00,20.81213201010044,0.0,0.9227980971336365,10.015824317932129,6.793694019317627,0.06005436182022095
2026-04-25 00:00:00,20.403390418049337,0.0,0.9375632405281067,4.442551612854004,6.795612812042236,0.09384886920452118
2026-04-25 01:00:00,20.031299173262592,1.0,0.9491843581199646,-3.3533008098602295,6.796365737915039,0.12151708453893661
2026-04-25 02:00:00,19.78891307630624,1.0,0.9574488401412964,-4.433684349060059,6.791840076446533,0.14151713252067566
2026-04-25 03:00:00,19.640351718656646,1.0,0.9612676501274109,4.939682960510254,6.7938151359558105,0.1257905811071396
2026-04-25 04:00:00,19.448155912671368,1.0,0.9632301926612854,8.147339820861816,6.795825004577637,0.1327923983335495
2026-04-25 05:00:00,19.156558391305072,1.0,0.9626659154891968,-4.010954856872559,6.797953128814697,0.1297939121723175
2026-04-25 06:00:00,19.205831425979685,1.0,0.9431021213531494,21.616090774536133,6.799655437469482,0.11891041696071625
2026-04-25 07:00:00,21.174026583218097,1.0,0.8902353644371033,124.40990447998047,6.799172878265381,0.1284298300743103
2026-04-25 08:00:00,23.8942267148113,1.0,0.807829737663269,321.4669189453125,6.79903507232666,0.12367462366819382
2026-04-25 09:00:00,26.139583651467852,1.0,0.7267254590988159,529.1375122070312,6.798041343688965,0.19553031027317047
2026-04-25 10:00:00,27.792794013345517,1.0,0.6744897365570068,676.4378051757812,6.800909042358398,0.34404247999191284
2026-04-25 11:00:00,28.508041200937537,2.0,0.6633791327476501,716.2621459960938,6.796106815338135,0.5475367903709412
2026-04-25 12:00:00,28.328466785242583,2.0,0.6716642379760742,683.8637084960938,6.794814586639404,0.7196834683418274
2026-04-25 13:00:00,27.889715555786232,2.0,0.6800531148910522,627.58154296875,6.796162128448486,0.7129818201065063
2026-04-25 14:00:00,27.24037976111318,2.0,0.696721613407135,544.2588500976562,6.793150901794434,0.6178938150405884
2026-04-25 15:00:00,26.56857501916619,1.0,0.7190682888031006,448.2212219238281,6.787935733795166,0.42585060000419617
2026-04-25 16:00:00,25.552942685636076,1.0,0.7614042162895203,315.8235778808594,6.78969144821167,0.3090311288833618
2026-04-25 17:00:00,24.481605242272764,1.0,0.80402672290802,187.9650115966797,6.788064002990723,0.20827215909957886
2026-04-25 18:00:00,23.1523943213076,1.0,0.8476783633232117,90.57862854003906,6.790848255157471,0.13916754722595215
2026-04-25 19:00:00,22.702904754669117,1.0,0.8763291835784912,50.5517578125,6.789381504058838,0.12030890583992004
2026-04-25 20:00:00,22.3523775001187,1.0,0.8873254656791687,43.630157470703125,6.790902614593506,0.11913256347179413
2026-04-25 21:00:00,21.7836592456649,1.0,0.8981871008872986,26.733293533325195,6.79169225692749,0.13130319118499756
2026-04-25 22:00:00,21.367411051185613,1.0,0.901922881603241,23.800676345825195,6.790692329406738,0.13516932725906372
2026-04-25 23:00:00,20.92556802415665,1.0,0.9153847694396973,19.471330642700195,6.7906270027160645,0.15514971315860748
2026-04-26 00:00:00,20.511628620978836,1.0,0.929248034954071,18.582353591918945,6.795520782470703,0.1809401512145996
2026-04-26 01:00:00,20.209567456868168,1.0,0.9397478103637695,18.758058547973633,6.793178558349609,0.18598009645938873
2026-04-26 02:00:00,19.954795007491963,1.0,0.9506384134292603,13.740952491760254,6.7930402755737305,0.1791735291481018
2026-04-26 03:00:00,19.73275148927413,1.0,0.9554294943809509,19.847612380981445,6.791375637054443,0.17148923873901367
2026-04-26 04:00:00,19.48230945220975,1.0,0.958464503288269,17.270357131958008,6.794151306152344,0.17463330924510956
2026-04-26 05:00:00,19.084483501168354,1.0,0.9607193470001221,-7.437407493591309,6.794772148132324,0.19074812531471252
2026-04-26 06:00:00,19.123799203231883,1.0,0.9407906532287598,18.112154006958008,6.790321350097656,0.13078880310058594
2026-04-26 07:00:00,21.12347684719515,0.0,0.8885194063186646,125.78154754638672,6.7954511642456055,0.09386703372001648
2026-04-26 08:00:00,23.847464877805685,1.0,0.8061711192131042,319.6545104980469,6.79874849319458,0.13676606118679047
2026-04-26 09:00:00,25.989721972390704,1.0,0.7302390336990356,519.7302856445312,6.799084186553955,0.24007853865623474
2026-04-26 10:00:00,27.572194381082333,1.0,0.6819753646850586,657.2618408203125,6.8017120361328125,0.37186941504478455
2026-04-26 11:00:00,28.321678324045447,2.0,0.6686449646949768,702.83154296875,6.800079345703125,0.5665438175201416
2026-04-26 12:00:00,28.200024707605863,2.0,0.6765311360359192,677.1380004882812,6.80097770690918,0.7152817845344543
2026-04-26 13:00:00,27.7437891184083,2.0,0.6861358880996704,619.3138427734375,6.7988409996032715,0.7534574270248413
2026-04-26 14:00:00,27.13730881537343,2.0,0.6999961733818054,538.345703125,6.7995429039001465,0.5990495085716248
2026-04-26 15:00:00,26.4594094078991,1.0,0.7235992550849915,446.2353210449219,6.797961235046387,0.42936617136001587
2026-04-26 16:00:00,25.524851960691006,1.0,0.7608010768890381,321.11163330078125,6.798487186431885,0.29382461309432983
2026-04-26 17:00:00,24.385988625070006,1.0,0.810832142829895,182.965576171875,6.795912265777588,0.22009319067001343
2026-04-26 18:00:00,23.091351573810044,1.0,0.853107213973999,85.87690734863281,6.794473648071289,0.13913147151470184
2026-04-26 19:00:00,22.723296161682054,0.0,0.8771122097969055,52.077606201171875,6.79603910446167,0.09611628949642181
2026-04-26 20:00:00,22.368908176006762,0.0,0.8880831599235535,45.69602966308594,6.796639442443848,0.08290356397628784
2026-04-26 21:00:00,21.872751563484496,1.0,0.8949204683303833,37.772552490234375,6.797329902648926,0.13096436858177185
2026-04-26 22:00:00,21.34577716866303,1.0,0.9038834571838379,25.589632034301758,6.7983269691467285,0.15862956643104553
2026-04-26 23:00:00,20.911639191148836,1.0,0.9180209636688232,22.452165603637695,6.798572540283203,0.16015544533729553
2026-04-27 00:00:00,20.461377404090406,1.0,0.9321191310882568,18.53239631652832,6.797059059143066,0.183847114443779
2026-04-27 01:00:00,20.157663083699223,1.0,0.9421404600143433,16.147951126098633,6.797475814819336,0.1740945428609848
2026-04-27 02:00:00,19.97800759472932,1.0,0.9501805901527405,17.20274543762207,6.795693397521973,0.17037032544612885
2026-04-27 03:00:00,19.759017692200768,1.0,0.9557986259460449,21.311494827270508,6.796288013458252,0.14349158108234406
2026-04-27 04:00:00,19.399629024777692,1.0,0.9613382816314697,9.440201759338379,6.796719074249268,0.1377672255039215
2026-04-27 05:00:00,18.934813853951557,1.0,0.9650617837905884,-18.99024772644043,6.796144008636475,0.16659529507160187
2026-04-27 06:00:00,18.924958306744646,1.0,0.9452744722366333,4.724198341369629,6.797121524810791,0.13682982325553894
2026-04-27 07:00:00,20.90232096054506,1.0,0.8936980962753296,111.29243469238281,6.798880577087402,0.10421484708786011
2026-04-27 08:00:00,23.556417400083518,1.0,0.812276303768158,304.0450744628906,6.797112941741943,0.1486312747001648
2026-04-27 09:00:00,25.84642714206844,1.0,0.7315652966499329,512.4154663085938,6.79750394821167,0.20817425847053528
2026-04-27 10:00:00,27.455812964761535,1.0,0.6849437355995178,652.5485229492188,6.798686981201172,0.3496966063976288
2026-04-27 11:00:00,28.097543993295936,2.0,0.6718437671661377,685.0001831054688,6.798367023468018,0.5398204326629639
2026-04-27 12:00:00,27.96947222500088,2.0,0.6801685094833374,658.8692626953125,6.799587249755859,0.7070188522338867
2026-04-27 13:00:00,27.63374269354258,2.0,0.6845316290855408,612.8980102539062,6.797879695892334,0.7000475525856018
2026-04-27 14:00:00,27.079573944462787,2.0,0.6994903683662415,537.0978393554688,6.795386791229248,0.5774002075195312
2026-04-27 15:00:00,26.320664881989675,1.0,0.725486695766449,434.4859619140625,6.791533946990967,0.37671464681625366
2026-04-27 16:00:00,25.5172128768287,1.0,0.7611000537872314,316.84417724609375,6.791406631469727,0.261507123708725
2026-04-27 17:00:00,24.399377726098447,1.0,0.8080899715423584,183.56040954589844,6.792561054229736,0.18376173079013824
2026-04-27 18:00:00,23.080782349452438,1.0,0.8501513600349426,89.73197174072266,6.793982028961182,0.12314602732658386
2026-04-27 19:00:00,22.67163044551079,0.0,0.8781884908676147,49.55104064941406,6.795324802398682,0.07972081005573273
2026-04-27 20:00:00,22.34045563656279,1.0,0.8887856602668762,47.21343994140625,6.796941757202148,0.10502897202968597
2026-04-27 21:00:00,21.846712096626586,1.0,0.8931087255477905,39.185333251953125,6.795716285705566,0.12551747262477875
2026-04-27 22:00:00,21.343074036033634,1.0,0.9007311463356018,27.201753616333008,6.794490337371826,0.12389672547578812
2026-04-27 23:00:00,20.81881819212254,1.0,0.9192954301834106,15.727173805236816,6.794907569885254,0.12239103019237518
2026-04-28 00:00:00,20.352673903461937,1.0,0.9361364245414734,9.120835304260254,6.795429706573486,0.15878164768218994
2026-04-28 01:00:00,20.03194059732246,1.0,0.9460982084274292,8.796479225158691,6.7965288162231445,0.16914623975753784
2026-04-28 02:00:00,19.773919000411883,1.0,0.9552648663520813,6.898789405822754,6.795186519622803,0.15574537217617035
2026-04-28 03:00:00,19.581984504453764,1.0,0.9598018527030945,13.809891700744629,6.791591167449951,0.12807874381542206
2026-04-28 04:00:00,19.2963866179326,1.0,0.9644526839256287,5.663392066955566,6.794067859649658,0.11257120966911316
2026-04-28 05:00:00,18.96900880024062,1.0,0.9645002484321594,-14.094511985778809,6.791427135467529,0.12700583040714264
2026-04-28 06:00:00,18.810196809366296,1.0,0.9500330686569214,-3.0675036907196045,6.787644863128662,0.11782389879226685
2026-04-28 07:00:00,20.863691977047445,1.0,0.8952433466911316,112.84505462646484,6.791160583496094,0.11970217525959015
2026-04-28 08:00:00,23.464960090360616,1.0,0.8155600428581238,302.52838134765625,6.794198036193848,0.1335168480873108
2026-04-28 09:00:00,25.79159174625545,1.0,0.7337552309036255,513.9041748046875,6.798625946044922,0.20285353064537048
2026-04-28 10:00:00,27.34389165433673,1.0,0.6870700120925903,648.1051635742188,6.799432277679443,0.3555155396461487
2026-04-28 11:00:00,28.108869638742714,2.0,0.6729605197906494,693.9793701171875,6.798495769500732,0.550141453742981
2026-04-28 12:00:00,27.989868953516506,2.0,0.6812348961830139,666.422119140625,6.797966480255127,0.7166196703910828
2026-04-28 13:00:00,27.615404528259376,2.0,0.6865426898002625,615.8333129882812,6.797424793243408,0.7043642401695251
2026-04-28 14:00:00,27.08958695258046,2.0,0.699286937713623,543.47265625,6.794386386871338,0.5819258093833923
2026-04-28 15:00:00,26.40241767816277,1.0,0.7233047485351562,445.9565124511719,6.793045520782471,0.40310797095298767
2026-04-28 16:00:00,25.42756833031991,1.0,0.7622701525688171,316.58013916015625,6.79548454284668,0.2655642628669739
2026-04-28 17:00:00,24.284780701180846,1.0,0.8098369836807251,178.80694580078125,6.795928001403809,0.17298991978168488
2026-04-28 18:00:00,22.984137242183152,1.0,0.8513296842575073,85.85840606689453,6.792233943939209,0.11418671905994415
2026-04-28 19:00:00,22.60523624041741,0.0,0.8766124844551086,45.956390380859375,6.790463447570801,0.0705738216638565
2026-04-28 20:00:00,22.32126279789397,0.0,0.884177029132843,49.25651550292969,6.7917327880859375,0.0899244099855423
2026-04-28 21:00:00,21.77665828078491,1.0,0.8925786018371582,32.92579650878906,6.79299259185791,0.11396200954914093
2026-04-28 22:00:00,21.310599241645818,1.0,0.8986673951148987,26.62278938293457,6.7926154136657715,0.10576453804969788
2026-04-28 23:00:00,20.816544910905915,1.0,0.9137595891952515,17.13316535949707,6.792167663574219,0.11606490612030029
2026-04-29 00:00:00,20.4144589719739,1.0,0.9290650486946106,13.431107521057129,6.79202938079834,0.1469825655221939
2026-04-29 01:00:00,20.033916801240917,1.0,0.9428631663322449,6.830231666564941,6.789229869842529,0.16551673412322998
2026-04-29 02:00:00,19.737012558104947,1.0,0.952211320400238,0.8546764254570007,6.787132740020752,0.1461210697889328
2026-04-29 03:00:00,19.59383258222781,1.0,0.9556034207344055,5.743897438049316,6.788693428039551,0.14068710803985596
2026-04-29 04:00:00,19.384504246030133,1.0,0.9586809873580933,6.505692481994629,6.790093898773193,0.10503005981445312
2026-04-29 05:00:00,19.05633675739394,0.0,0.9584389328956604,-5.621977806091309,6.788490295410156,0.09132125973701477
2026-04-29 06:00:00,18.979956780865738,0.0,0.9414846897125244,13.780838966369629,6.7891621589660645,0.08793914318084717
2026-04-29 07:00:00,21.046427649044514,0.0,0.8867726922035217,124.74092864990234,6.791611194610596,0.09187102317810059
2026-04-29 08:00:00,23.714965774259543,1.0,0.8058579564094543,318.3690185546875,6.795278072357178,0.13488753139972687
2026-04-29 09:00:00,25.92833632175594,1.0,0.7266042232513428,520.2249145507812,6.796252727508545,0.1967763751745224
2026-04-29 10:00:00,27.66604238065509,1.0,0.6734440922737122,670.9015502929688,6.797150135040283,0.34798523783683777
2026-04-29 11:00:00,28.502733583750036,2.0,0.6580228209495544,723.8328247070312,6.797104358673096,0.5679841637611389
2026-04-29 12:00:00,28.25409060268643,2.0,0.6677637696266174,688.19970703125,6.792759418487549,0.7092750072479248
2026-04-29 13:00:00,27.79703901159678,2.0,0.6773831248283386,628.6942138671875,6.791515350341797,0.7360495924949646
2026-04-29 14:00:00,27.334207008732808,2.0,0.6896743178367615,560.047119140625,6.790994167327881,0.5919938683509827
2026-04-29 15:00:00,26.562411460206228,1.0,0.717573344707489,459.2040100097656,6.79334020614624,0.40058842301368713
2026-04-29 16:00:00,25.637997521909266,1.0,0.7540019750595093,336.140380859375,6.791810035705566,0.2702350616455078
2026-04-29 17:00:00,24.405651348611265,1.0,0.8064900040626526,186.84835815429688,6.793344020843506,0.16776011884212494
2026-04-29 18:00:00,23.110659511432114,1.0,0.8486161828041077,94.23152160644531,6.791522979736328,0.1013270914554596
2026-04-29 19:00:00,22.61728311160271,0.0,0.8771052360534668,49.70703125,6.790006637573242,0.09475341439247131
2026-04-29 20:00:00,22.284331960262744,0.0,0.8871123790740967,46.514617919921875,6.7918219566345215,0.09915070235729218
2026-04-29 21:00:00,21.754332202369994,1.0,0.8955203294754028,35.7158203125,6.789673328399658,0.14577481150627136
2026-04-29 22:00:00,21.218099661262517,1.0,0.9041880965232849,22.19120979309082,6.789146900177002,0.13679611682891846
2026-04-29 23:00:00,20.84649262094315,1.0,0.9144898056983948,20.905366897583008,6.788416385650635,0.1382458508014679
2026-04-30 00:00:00,20.475910971518996,1.0,0.928769052028656,19.029603958129883,6.791193008422852,0.16694819927215576
2026-04-30 01:00:00,20.044459146287913,1.0,0.945687472820282,6.394059181213379,6.790349006652832,0.18441638350486755
2026-04-30 02:00:00,19.76913595222916,1.0,0.9553850889205933,2.7405712604522705,6.789243221282959,0.15990382432937622
2026-04-30 03:00:00,19.537327808134183,1.0,0.9594547748565674,6.143906593322754,6.789819717407227,0.10895173251628876
2026-04-30 04:00:00,19.375329698834697,1.0,0.9598454236984253,9.719086647033691,6.78756046295166,0.10322198271751404
2026-04-30 05:00:00,19.002663966866596,1.0,0.9610885977745056,-7.542021751403809,6.788622856140137,0.1106933057308197
2026-04-30 06:00:00,18.97681198258693,0.0,0.9429465532302856,13.072037696838379,6.787424564361572,0.09869669377803802
2026-04-30 07:00:00,20.977286957287312,0.0,0.8909942507743835,122.80139923095703,6.788249492645264,0.08970919251441956
2026-04-30 08:00:00,23.71364129229543,1.0,0.8063366413116455,319.6249084472656,6.787377834320068,0.12402644008398056
2026-04-30 09:00:00,26.026173502847247,1.0,0.7270939350128174,528.6038818359375,6.789632320404053,0.21061813831329346
2026-04-30 10:00:00,27.702419753396786,1.0,0.6772435307502747,672.899658203125,6.791974067687988,0.3232528567314148
2026-04-30 11:00:00,28.39421109229496,2.0,0.664047122001648,714.6235961914062,6.79293155670166,0.5130664110183716
2026-04-30 12:00:00,28.26709624080899,2.0,0.6690561175346375,686.6552124023438,6.794245719909668,0.6633381843566895
2026-04-30 13:00:00,27.869320925354103,2.0,0.6784839034080505,635.7809448242188,6.7933783531188965,0.7121980786323547
2026-04-30 14:00:00,27.462642334355365,2.0,0.687770426273346,570.4221801757812,6.791932106018066,0.5903717875480652
2026-04-30 15:00:00,26.7286863320324,1.0,0.7138258814811707,471.1108703613281,6.7925310134887695,0.3875701427459717
2026-04-30 16:00:00,25.75155730203012,1.0,0.7531768083572388,343.8796691894531,6.794003009796143,0.26153263449668884
2026-04-30 17:00:00,24.58820799686566,1.0,0.8019951581954956,202.36477661132812,6.7957763671875,0.165748730301857
2026-04-30 18:00:00,23.227237537249984,1.0,0.8457775712013245,103.37709045410156,6.793878078460693,0.11845618486404419
2026-04-30 19:00:00,22.802680259735034,0.0,0.8733402490615845,63.16375732421875,6.795701026916504,0.05653366446495056
2026-04-30 20:00:00,22.441570548595873,0.0,0.8831784129142761,56.08015441894531,6.793943405151367,0.07268892228603363
2026-04-30 21:00:00,21.876073888237304,0.0,0.8907900452613831,42.47923278808594,6.792943954467773,0.09640662372112274
2026-04-30 22:00:00,21.31071535149384,0.0,0.9001291990280151,27.598207473754883,6.790585041046143,0.09826375544071198
2026-04-30 23:00:00,20.86505933427628,0.0,0.9141066670417786,19.573076248168945,6.788168430328369,0.09205608069896698
